"(Intercept)","pre","I(pre^2)","tmx","I(tmx^2)","df","logLik","AICc","delta","weight","cw"
3.74616032158692,0.00495635779233527,-3.36235360421663e-05,-0.45509003840549,0.0100701430354256,8,-1380.76566680611,2777.53527827733,0,1,1
3.22033364011765,0.00102158610472093,NA,-0.401159711025236,0.00892179668311182,7,-1467.85341727611,2949.70990254105,172.174624263717,4.09973116445481e-38,1
-1.58876570372066,0.00429334782459054,-2.60515365871259e-05,0.00960989359425072,NA,7,-1552.29902930759,3118.60112660399,341.06584832666,8.67944695016285e-75,1
4.08010756023829,NA,NA,-0.472650265921079,0.0105025665559507,6,-1590.5694654356,3193.1412317998,415.605953522464,5.65345408716747e-91,1
-1.52312863249695,0.00122445672211059,NA,0.0103561409512269,NA,6,-1605.4590534936,3222.92040791579,445.385129638454,1.93129198492646e-97,1
-1.3805030554184,0.00470019569219359,-2.87596356740112e-05,NA,NA,6,-1623.45469031789,3258.91168156436,481.376403287025,2.95421546302563e-105,1
-1.28945968575873,0.00131987926225468,NA,NA,NA,5,-1688.46909912833,3386.93984173206,609.404563454724,4.67175890915707e-133,1
-1.49911369381415,NA,NA,0.0121229075395863,NA,5,-1786.34588664598,3582.69341676737,805.158138490036,1.45255202831377e-175,1
-1.21969483431875,NA,NA,NA,NA,4,-1900.22577041469,3808.45263644964,1030.9173581723,1.37765357566123e-224,1
