"(Intercept)","pre","I(pre^2)","tmx","I(tmx^2)","df","logLik","AICc","delta","weight","cw","any_u_shaped"
-1.96803095985703,0.00473511101082485,-2.95748987132918e-05,-0.0734395118903077,-0.00215760719188277,8,-1450.43615444482,2916.87676750808,0,1,1,FALSE
-1.82367148475573,0.00120500029329666,NA,-0.0682257026598248,-0.00201693542946175,7,-1512.27617618255,3038.55582007209,121.679052564001,3.78206905466531e-27,1,FALSE
-1.39185392070225,0.00441492423910791,-2.62760723306499e-05,-0.00256420432619325,NA,7,-1556.09736693682,3126.19820158063,209.321434072544,3.51907172891073e-46,1,FALSE
-1.33998337910321,0.0041090167159138,-2.42903470183766e-05,NA,NA,6,-1573.93690159413,3159.87640388798,242.999636379895,1.71119462675593e-53,1,FALSE
-1.29628484216604,0.00127427947143642,NA,-0.00203361985482525,NA,6,-1604.93411085816,3221.87082241603,304.994054907943,5.90721081457659e-67,1,FALSE
-1.26031045977251,0.0012190398390207,NA,NA,NA,5,-1616.29738914028,3242.5966358657,325.719868357615,1.86564609319453e-71,1,FALSE
-1.7884759710704,NA,NA,-0.0733237664505436,-0.00221070279010297,6,-1666.42691440208,3344.85642950387,427.979661995788,1.16251138334053e-93,1,FALSE
-1.20499600595261,NA,NA,-0.000692764333010283,NA,5,-1777.06428110627,3564.13041979768,647.253652289598,2.82263816565849e-141,1,FALSE
-1.19376486634956,NA,NA,NA,NA,4,-1778.40558809511,3564.81241454196,647.93564703388,2.00706728661794e-141,1,FALSE
