"(Intercept)","pre","I(pre^2)","tmx","I(tmx^2)","df","logLik","AICc","delta","weight","cw"
3.76214505872246,0.00494649331180252,-3.35193149189682e-05,-0.456604041971419,0.010103072032917,8,-1378.49303877371,2772.99002740616,0,1,1
3.23868544811017,0.00102329688590725,NA,-0.402901448439272,0.00895959374283658,7,-1464.94221127659,2943.88749458127,170.897467175106,7.76401770903566e-38,1
-1.59032188756597,0.00428217608249916,-2.59281472205724e-05,0.00961829262556032,NA,7,-1551.013616721,3116.03030547009,343.040278063927,3.2340749696291e-75,1
4.10067974717956,NA,NA,-0.474574208000333,0.0105443204895346,6,-1587.88913488851,3187.78057373489,414.790546328727,8.49918518314508e-91,1
-1.52495536696575,0.00122733239992003,NA,0.0103605666885943,NA,6,-1603.60440594272,3219.21111584331,446.221088437155,1.27151588871878e-97,1
-1.38188149912651,0.00468924708223828,-2.86375569822625e-05,NA,NA,6,-1622.2154398401,3256.43318363808,483.443156231917,1.05112040580041e-105,1
-1.29119130843138,0.00132273135367616,NA,NA,NA,5,-1686.5963703914,3383.19438642186,610.2043590157,3.13189377134368e-133,1
-1.50079603991138,NA,NA,0.012129668772977,NA,5,-1785.07560021972,3580.15284607849,807.162818672328,5.3311502987218e-176,1
-1.22122681243036,NA,NA,NA,NA,4,-1898.95174234788,3805.90458175838,1032.91455435222,5.07521428433155e-225,1
