"(Intercept)","pet","I(pet^2)","wet","I(wet^2)","df","logLik","AICc","delta","weight","cw"
-1.50396731253797,-0.147667433870194,NA,0.173861922143746,-0.00900826404831473,7,-6283.28089035414,12580.584352252,0,0.698501149815773,0.698501149815773
-1.35647295905581,-0.369364285017722,0.0615214943203327,0.182713481109492,-0.0093990592275697,8,-6283.13260534323,12582.2942370924,1.70988484040754,0.297077903160957,0.99557905297673
-1.96458525135749,NA,NA,0.21395926106528,-0.0108868894963322,6,-6289.35094841371,12590.7188220743,10.1344698222401,0.00440042846105995,0.99997948143779
-0.295469390913315,-0.208810765569971,NA,-0.0296919314857253,NA,6,-6295.32202552928,12602.6609763054,22.0766240533721,1.12276566374422e-05,0.999990709094427
-0.732537644591047,0.2816393521991,-0.134491205631345,-0.0297367760664087,NA,7,-6294.50855250692,12603.0396765576,22.4553243055561,9.2908491280386e-06,0.999999999943555
-0.618376825195978,NA,NA,-0.0333288425502929,NA,5,-6308.52667903555,12627.0654450977,46.4810928456827,5.63541699661685e-11,0.99999999999991
-0.576749887090339,-0.247751475647269,NA,NA,NA,5,-6315.52951271979,12641.0711124662,60.4867602141567,5.12429390384531e-14,0.999999999999961
-0.993936363452501,0.219868554076563,-0.128245984928778,NA,NA,6,-6314.79422862033,12641.6053824875,61.0210302354772,3.92300416930987e-14,1
-1.0107187088252,NA,NA,NA,NA,4,-6334.42138364989,12676.8508236946,96.2664714425428,8.71301487470139e-22,1
