"(Intercept)","pet","I(pet^2)","wet","I(wet^2)","df","logLik","AICc","delta","weight","cw","any_u_shaped"
-0.340392126202705,-0.300888879140615,NA,0.113554851041899,-0.00656026728078606,7,-4146.81843822143,8307.67423468169,0,0.403781768581478,0.403781768581478,FALSE
-0.810329865054743,0.438292102986845,-0.205778231967078,0.0805222740293878,-0.00511030245262861,8,-4146.12037315672,8308.28879436148,0.614559679796002,0.296959188034891,0.700740956616369,FALSE
-0.464027371505628,0.803062114966923,-0.316124277980183,-0.0361906732858269,NA,7,-4147.44828221496,8308.93392266875,1.25968798706162,0.215084411284913,0.915825367901283,FALSE
0.565651511437885,-0.348767451721712,NA,-0.0363500841390854,NA,6,-4149.39158978387,8310.81118890418,3.13695422249111,0.0841328791819919,0.999958247083275,FALSE
-1.32888341714298,NA,NA,0.20369253580108,-0.0107323893097877,6,-4157.04940924465,8326.12682782574,18.4525931440567,3.97390075084661e-05,0.999997986090783,FALSE
-0.815455693982871,0.768685860393503,-0.321350870159878,NA,NA,6,-4160.37334490355,8332.77469914355,25.100464461857,1.4310344913993e-06,0.999999417125275,FALSE
0.229783146310383,-0.402431454003042,NA,NA,NA,5,-4162.37348943932,8334.76697887864,27.0927441969525,5.28484255908933e-07,0.999999945609531,FALSE
0.0336207835861268,NA,NA,-0.0430291155083725,NA,5,-4164.64731353488,8339.31462706976,31.6403923880698,5.43904680676193e-08,0.999999999999999,FALSE
-0.475435448611893,NA,NA,NA,NA,4,-4183.15311261879,8374.31955412795,66.6453194462611,1.36238378435703e-15,1,FALSE
