"(Intercept)","pet","I(pet^2)","wet","I(wet^2)","df","logLik","AICc","delta","weight","cw"
-1.04271366728242,0.646503162444217,-0.259757398179933,0.0891251741722216,-0.00564612195327086,8,-4274.49400182213,8565.03513948714,0,0.389796623370121,0.389796623370121
-0.444311767852909,-0.28720639431043,NA,0.130147051902071,-0.00744872876967417,7,-4275.58879115798,8565.21423153062,0.179092043483251,0.35640905525182,0.746205678621941
-0.654294450234572,1.04296804270004,-0.379744131419355,-0.039877404760874,NA,7,-4276.09045915438,8566.21756752342,1.182428036278,0.215812744144311,0.962018422766252
0.584739761978614,-0.341144328143841,NA,-0.0401722992777895,NA,6,-4278.83504365219,8569.6975652239,4.66242573676391,0.0378795828627551,0.999898005629007
-1.38548182078832,NA,NA,0.215850042313264,-0.0114159848464979,6,-4284.75429985277,8581.53607762507,16.5009381379332,0.00010178994575812,0.999999795574765
-1.05799848101778,1.02262199177164,-0.390421376407725,NA,NA,6,-4291.46706747241,8594.96161286434,29.9264733772052,1.23704912785108e-07,0.999999919279678
0.0655653456558891,NA,NA,-0.0467593301235384,NA,5,-4293.16326944475,8596.34615955661,31.3110200694719,6.19065288200538e-08,0.999999981186207
0.213134973034664,-0.400867003884791,NA,NA,NA,5,-4294.35430481736,8598.72823030182,33.6930908146787,1.88137930780582e-08,1
-0.488852446372686,NA,NA,NA,NA,4,-4314.58083405891,8637.1747442865,72.1396047993567,8.4318316568647e-17,1
