"(Intercept)","pet","I(pet^2)","pre","I(pre^2)","df","logLik","AICc","delta","weight","cw","any_u_shaped"
-0.486990561714284,-0.275525865747927,NA,0.00855089980319704,-3.5345712433655e-05,7,-4026.556290912,8067.15153834574,0,0.53052610621333,0.53052610621333,FALSE
-1.18192531260175,0.534158313217587,-0.224232930154491,0.00807580769764068,-3.30672583632939e-05,8,-4025.68076440773,8067.41163319959,0.260094853852024,0.465830456419503,0.996356562632832,FALSE
-1.12256731278383,0.858123273103089,-0.335230303595601,0.00152071741967129,NA,7,-4032.03497265731,8078.10890183636,10.9573634906228,0.00221485607091071,0.998571418703743,FALSE
-0.0405292443673207,-0.360590700901915,NA,0.00155699053864615,NA,6,-4034.0439363767,8080.11707998567,12.9655416399391,0.000811475038223856,0.999382893741967,FALSE
-1.09228318313105,NA,NA,0.0110929732592614,-4.65386829166185e-05,6,-4034.33963439246,8080.70847601719,13.5569376714584,0.000603747226204145,0.999986640968171,FALSE
-0.981247183383951,0.895081794771831,-0.358938987533139,NA,NA,6,-4038.39399324317,8088.8171937186,21.6656553728635,1.0472960654938e-05,0.999997113928826,FALSE
0.182939106893754,-0.411111434594193,NA,NA,NA,5,-4040.68741426383,8091.39568358501,24.2441452392723,2.88507768489387e-06,0.999999999006511,FALSE
-0.713471172254737,NA,NA,0.00203211292857867,NA,5,-4048.66127551659,8107.34340609053,40.1918677447993,9.93467284563124e-10,0.999999999999978,FALSE
-0.537341481664175,NA,NA,NA,NA,4,-4060.37955349786,8128.77300553637,61.6214671906337,2.2068619956778e-14,1,FALSE
