"(Intercept)","pet","I(pet^2)","wet","I(wet^2)","df","logLik","AICc","delta","weight","cw"
-0.361221875046205,-0.296124614847313,NA,0.11756129897019,-0.00676019328786342,7,-4135.51357232012,8285.06462790664,0,0.43898336452788,0.43898336452788
-0.801401764991383,0.397199922466073,-0.193035298959522,0.0864680971021824,-0.00539496512429784,8,-4134.90142118633,8285.85105127791,0.786423371271667,0.296263669366802,0.735247033894682
-0.436849011463414,0.782961012793164,-0.309730080405309,-0.0367205725761357,NA,7,-4136.3734983118,8286.78447988999,1.71985198334733,0.185774863014403,0.921021896909085
0.571914656595505,-0.345518519578497,NA,-0.0368827515533803,NA,6,-4138.2343663697,8288.49683578391,3.43220787726386,0.0789139153886788,0.999935812297763
-1.33385162832759,NA,NA,0.206297077273105,-0.0108673335453201,6,-4145.36973334364,8302.76756973177,17.7029418251259,6.28496825910913e-05,0.999998661980354
-0.795275665247975,0.749370447256592,-0.315328242468556,NA,NA,6,-4149.61188642673,8311.25187589796,26.1872479913145,9.03565027793354e-07,0.999999565545382
0.230239625359559,-0.399756877096381,NA,NA,NA,5,-4151.53275127338,8313.0855694364,28.0209415297577,3.61225100618872e-07,0.999999926770483
0.0448051664052854,NA,NA,-0.0434757114854633,NA,5,-4153.12865402354,8316.27737493671,31.2127470300657,7.32295158196113e-08,0.999999999999999
-0.47011138458626,NA,NA,NA,NA,4,-4171.92247670294,8351.85832685957,66.7936989529298,1.3752467338311e-15,1
