"(Intercept)","pet","I(pet^2)","wet","I(wet^2)","df","logLik","AICc","delta","weight","cw"
-0.540317621251934,0.555031153060562,-0.175579462870246,0.0564447982495302,-0.0022345297880675,8,1043.81008917894,-2071.6109717854,0,1,1
-0.38846982094805,0.696938686974547,-0.21806921043261,0.00629585298293443,NA,7,1006.22073628151,-1998.43431235333,73.1766594320752,1.28792419594101e-16,1
-0.0917774269346213,-0.0794805992590059,NA,0.0776009679535911,-0.00317148106094219,7,979.04704970921,-1944.08693920873,127.524032576674,2.03473647764791e-28,1
-0.337984367835396,0.715852626100004,-0.220759919118735,NA,NA,6,958.875717171926,-1905.74606452988,165.864907255525,9.61375430338664e-37,1
0.319611625652401,-0.0978716071573141,NA,0.00647296781331237,NA,6,895.863215377329,-1779.72106094068,291.88991084472,4.13915031669188e-64,1
-0.311151629057935,NA,NA,0.0946378569280084,-0.00399525523818876,6,885.977357522584,-1759.94934523119,311.661626554208,2.10638465975775e-68,1
0.380471185203088,-0.0885066501923091,NA,NA,NA,5,846.610688003173,-1683.21754067011,388.393431115288,4.58604201902396e-85,1
0.172233393395563,NA,NA,0.00458850418715165,NA,5,747.83254271192,-1485.66125008761,585.949721697794,5.78941386602583e-128,1
0.22687358448529,NA,NA,NA,NA,4,722.839012550605,-1437.67546837382,633.935503411582,2.20117460090418e-138,1
