"(Intercept)","pet","I(pet^2)","wet","I(wet^2)","df","logLik","AICc","delta","weight","cw","any_u_shaped"
-0.539663822813538,0.552270067071918,-0.174800401745013,0.0569468651266796,-0.00225809537470347,8,1045.16091226569,-2074.31262854185,0,1,1,FALSE
-0.386043633486605,0.695606772922761,-0.217688768910834,0.00627324319983149,NA,7,1006.50198493631,-1998.99681789305,75.3158106487979,4.4195649184282e-17,1,FALSE
-0.0922680527389459,-0.079513361863917,NA,0.0778583318557645,-0.00318428966508584,7,980.907351654423,-1947.80755132928,126.505077212569,3.38665936524591e-28,1,FALSE
-0.335727095521239,0.714407373578369,-0.220351626657149,NA,NA,6,959.443342599385,-1906.8813215566,167.431306985249,4.39292348849555e-37,1,FALSE
0.320764350028499,-0.0978201652216742,NA,0.00644865047587578,NA,6,896.535930552789,-1781.06649746341,293.24613107844,2.10093064826074e-64,1,FALSE
-0.310708525202257,NA,NA,0.0946721212705434,-0.00399842191556757,6,887.536151803492,-1763.06693996481,311.245688577035,2.59332810921198e-68,1,FALSE
0.381347816294768,-0.0884690752253999,NA,NA,NA,5,847.594472309705,-1685.18511369105,389.1275148508,3.17712112164129e-85,1,FALSE
0.173293457532026,NA,NA,0.00456131037520015,NA,5,748.51119546999,-1487.01856001162,587.294068530232,2.95606099779522e-128,1,FALSE
0.22761896419273,NA,NA,NA,NA,4,723.780650450986,-1439.55874711279,634.753881429062,1.46199525920915e-138,1,FALSE
