"(Intercept)","pet","I(pet^2)","wet","I(wet^2)","df","logLik","AICc","delta","weight","cw"
0.738382242093392,-0.617145304663229,0.245664385221746,-0.0274548581334921,NA,7,-2797.59343397572,5609.20954460662,0,0.726889135677776,0.726889135677776
0.720793279460445,-0.628918853010927,0.249183497577439,-0.0225661306298518,-0.000210235148500805,8,-2797.57148236193,5611.17212632775,1.96258172112721,0.272457628348042,0.999346764025819
-0.0686732795652268,0.275392326300954,NA,-0.0266236937546104,NA,6,-2806.0517859074,5624.12057586337,14.91103125675,0.000420318863013186,0.999767082888832
0.0532047503300218,0.271158753448645,NA,-0.0471112450712994,0.00087891304517149,7,-2805.63928058076,5625.30123781671,16.0916932100881,0.000232917111168247,1
0.316388302198263,-0.462422920943945,0.187526892348995,NA,NA,6,-2863.14457221975,5738.30614848807,129.096603881451,6.73746975651095e-29,1
-0.294355612499834,0.22021614523708,NA,NA,NA,5,-2867.95824845358,5745.928640198,136.719095591373,1.49036891821615e-30,1
0.752645923208422,NA,NA,-0.093057279953295,0.00309647026253724,6,-2871.90181454241,5755.82063313341,146.611088526784,1.05992420803208e-32,1
0.345463138027412,NA,NA,-0.0205365426086819,NA,5,-2877.03904522322,5764.09023373727,154.880689130642,1.696499970359e-34,1
0.0961226107636672,NA,NA,NA,NA,4,-2914.37936171336,5836.76681731584,227.557272709217,2.8056548964327e-50,1
