"(Intercept)","pet","I(pet^2)","wet","I(wet^2)","df","logLik","AICc","delta","weight","cw"
0.732081863192319,-0.611786040251852,0.244427985558106,-0.0274568441799164,NA,7,-2800.02700915816,5614.07669038109,0,0.726370031000424,0.726370031000424
0.713537121206797,-0.624182146913839,0.248133735556621,-0.0223054269553763,-0.000221534118025553,8,-2800.00264617598,5616.0344480515,1.95775767040141,0.272920551955438,0.999290582955861
-0.0708296009420535,0.276231312004345,NA,-0.0266297707620121,NA,6,-2808.39665121332,5628.8103030338,14.7336126527016,0.000458980865663805,0.999749563821525
0.0487654791928865,0.272076686383859,NA,-0.0467348052473022,0.000862514186712192,7,-2807.99961989518,5630.02191185513,15.9452214740377,0.000250436178474915,1
0.310093362136221,-0.45705128637079,0.186278937592014,NA,NA,6,-2865.53527487721,5743.08755036158,129.010859980482,7.02757711570439e-29,1
-0.296523492910038,0.221023474799156,NA,NA,NA,5,-2870.28310059132,5750.57834201632,136.501651635226,1.66035471417514e-30,1
0.750383112214411,NA,NA,-0.0928318906594243,0.00308763797943624,6,-2874.67524868176,5761.36749797069,147.290807589598,7.53989732516833e-33,1
0.344381399195631,NA,NA,-0.0205186534705257,NA,5,-2879.77986273756,5769.57186630878,155.495175927688,1.24683643154645e-34,1
0.0952863584332815,NA,NA,NA,NA,4,-2917.02504210664,5842.05817646495,227.981486083857,2.26781292601926e-50,1
