"(Intercept)","pet","I(pet^2)","wet","I(wet^2)","df","logLik","AICc","delta","weight","cw","any_u_shaped"
0.737602268483441,-0.613789315657809,0.244819118063929,-0.0275334995526282,NA,7,-2794.72347130475,5603.46969296497,0,0.725760133244079,0.725760133244079,TRUE
0.717882208875334,-0.627004903343508,0.248766219767376,-0.0220492264095929,-0.000235881016788411,8,-2794.69602161929,5605.42129963841,1.9516066734468,0.273531346719471,0.99929147996355,TRUE
-0.0666038719141578,0.275656666159834,NA,-0.0267050096681055,NA,6,-2803.09004859771,5618.19715649679,14.7274635318263,0.000460007630928587,0.999751487594479,FALSE
0.0517660133174626,0.271586453043773,NA,-0.0466166426232598,0.000854335143762438,7,-2802.70295338307,5619.42865712162,15.9589641566563,0.00024851240552135,1,TRUE
0.314076599893496,-0.458374480225348,0.186497257540683,NA,NA,6,-2860.33773647937,5732.69253226013,129.22283929516,6.31553414348495e-29,1,TRUE
-0.293251368808293,0.220496216855204,NA,NA,NA,5,-2865.07882934481,5740.16984143075,136.700148465781,1.50221824122107e-30,1,FALSE
0.749622740258932,NA,NA,-0.0921792006258718,0.0030553000839652,6,-2868.83991841991,5749.69689614121,146.227203176242,1.2822106697267e-32,1,TRUE
0.347968535916572,NA,NA,-0.0206384316601996,NA,5,-2873.80354726966,5757.61927728044,154.14958431547,2.44138448514438e-34,1,FALSE
0.0974880068432688,NA,NA,NA,NA,4,-2911.32438373884,5830.65688765632,227.187194691355,3.37070388428326e-50,1,FALSE
