"(Intercept)","pet","I(pet^2)","pre","I(pre^2)","df","logLik","AICc","delta","weight","cw","any_u_shaped"
0.031023737796917,0.162419537366231,NA,-0.00495729036925643,2.42090554439672e-05,7,-2808.21480078872,5630.45258065008,0,0.605590784310828,0.605590784310828,TRUE
0.237851732701139,-0.0776411872777131,0.0663846339137579,-0.00480262520074001,2.3423587030325e-05,8,-2807.640330529,5631.31021164286,0.857630992780287,0.39440921543579,0.999999999746618,TRUE
0.377651299187451,NA,NA,-0.00611974913749076,2.90233668644995e-05,6,-2830.81349538152,5673.64422153226,43.1916408821817,2.53065887673756e-10,0.999999999999684,TRUE
0.341668361793249,-0.44908379120335,0.181040436027305,-0.000277252688717415,NA,7,-2836.88248438282,5687.78794783827,57.3353671881923,2.1476448441453e-13,0.999999999999899,TRUE
0.305405193191579,-0.446137365623344,0.183339334817816,NA,NA,6,-2838.73342330765,5689.48407738454,59.0314967344566,9.19713608295217e-14,0.999999999999991,TRUE
-0.246956507063522,0.209782662896835,NA,-0.000285672795955552,NA,6,-2841.33594651276,5694.68912379474,64.2365431446633,6.81382766871363e-15,0.999999999999997,FALSE
-0.292042963383019,0.221443969976871,NA,NA,NA,5,-2843.29781983781,5696.60794484379,66.1553641937098,2.61050451554296e-15,1,FALSE
0.152577070719032,NA,NA,-0.000605688115652023,NA,5,-2880.38674449116,5770.78579415049,140.333213500406,2.03802324023105e-31,1,FALSE
0.10082454718551,NA,NA,NA,NA,4,-2889.54968100832,5787.10756378002,156.654983129944,5.82078944137317e-35,1,FALSE
