"(Intercept)","pet","I(pet^2)","pre","I(pre^2)","df","logLik","AICc","delta","weight","cw"
-1.31162312138197,-0.131046347978584,NA,-0.134331187224093,-0.00296111385452698,7,-1953.9483588403,3921.94856953246,0,0.552993661204333,0.552993661204333
-2.73266027053577,0.830039148249733,-0.155284422941713,-0.131021600071289,-0.00291623331302732,8,-1953.6364475469,3923.33959263896,1.39102310650242,0.275843861282273,0.828837522486606
-1.60924798699997,NA,NA,-0.130669995873802,-0.0029420638886104,6,-1956.12758259229,3924.29403607769,2.34546654522819,0.171162477513394,1
-17.4306480396141,12.2542939615246,-1.98672626694098,0.0623449142321812,NA,7,-2164.50439568114,4343.06064321414,421.112073681677,1.99248573942125e-92,1
1.20173111134496,NA,NA,0.0576468813444223,NA,5,-2212.09724837386,4434.22224882912,512.273679296657,3.19083305004449e-112,1
1.25417623604499,-0.0216681809432211,NA,0.0572495756798228,NA,6,-2212.0529044715,4436.14467983611,514.19611030365,1.22026313928035e-112,1
-2.25400798054704,2.20724541078976,-0.561269735709895,NA,NA,6,-2513.74629460533,5039.53146010377,1117.58289057131,1.15525785693343e-243,1
2.9799134943293,-1.23001423139886,NA,NA,NA,5,-2516.68266029878,5043.39307267896,1121.44450314651,1.675484500044e-244,1
-0.767824235336436,NA,NA,NA,NA,4,-2678.06588260498,5364.150258044,1442.20168851154,3.73768413462952e-314,1
