"(Intercept)","pet","I(pet^2)","pre","I(pre^2)","df","logLik","AICc","delta","weight","cw"
0.246744833558572,-0.260530633961925,NA,-0.0633061254070942,-0.00171566279068398,7,-1067.70810038778,2149.48804169923,0,0.522905879239,0.522905879239
2.43801171191556,-1.74351757737499,0.239562094012326,-0.0685227429479285,-0.00178644798465566,8,-1066.78958907923,2149.67160434589,0.183562646662267,0.477049453361343,0.999955332600343
-0.335187403069866,NA,NA,-0.0555902779755645,-0.00167380218848314,6,-1078.08501061494,2168.22386738373,18.7358256845059,4.4667399657229e-05,1
-6.37801127245916,5.11741295051977,-0.856927739432467,0.0501573765197419,NA,7,-1164.13601043783,2342.34386179932,192.855820100096,6.92331813766738e-43,1
1.67154114218004,-0.174551201118448,NA,0.0479484977999414,NA,6,-1176.09407839749,2364.24200294883,214.753961249603,1.21672758993547e-47,1
1.25562254134457,NA,NA,0.05133973820738,NA,5,-1179.99097634664,2370.0203895927,220.53234789348,6.76756817028702e-49,1
3.03928866654047,-1.16320047270272,NA,NA,NA,5,-1451.95528107679,2913.94899905301,764.460957353781,5.22198740722243e-167,1
5.72757659846396,-2.92899491851151,0.288396260298162,NA,NA,6,-1450.95648599831,2913.96681815047,764.47877645125,5.17566850259559e-167,1
-0.507540929382652,NA,NA,NA,NA,4,-1628.19910985977,3264.42382791417,1114.93578621494,4.10387108671691e-243,1
