"(Intercept)","pet","I(pet^2)","pre","I(pre^2)","df","logLik","AICc","delta","weight","cw","any_u_shaped"
-43.6014560546592,21.8369342685327,-3.00975574491773,0.167764072168493,-0.00171092298060141,8,-831.737254702508,1679.58562051613,0,0.999999999351888,0.999999999351888,FALSE
-2.77649566473763,-0.507397312086226,NA,0.21014982556238,-0.00244932103109375,7,-853.906591042649,1721.89953520789,42.3139146917604,6.48112161040834e-10,1,FALSE
-4.77251130345813,NA,NA,0.211195577578669,-0.0023524869468329,6,-870.878708468996,1753.82213188406,74.2365113679343,7.58134706012997e-17,1,FALSE
-85.9101671893317,45.4756650970529,-6.18067562962022,0.0584850448148285,NA,7,-884.082795478264,1782.25194407912,102.666323562991,5.08500166390727e-23,1,FALSE
-0.98455584239978,-0.240865115846541,NA,0.0409884832631585,NA,6,-1016.81971131989,2045.70413758585,366.118517069719,3.15046135499441e-80,1,FALSE
-1.98733225965716,NA,NA,0.0447489571340173,NA,5,-1019.51150215849,2049.06919369343,369.483573177299,5.85681501609208e-81,1,FALSE
-18.2808720440536,11.1940688049027,-1.73134797726771,NA,NA,6,-1148.30334763368,2308.67141021343,629.0857896973,2.48746194361893e-137,1,FALSE
4.82885269673938,-1.4693594858918,NA,NA,NA,5,-1157.72789097363,2325.50197132371,645.916350807579,5.50866720713342e-141,1,FALSE
-0.552566072335561,NA,NA,NA,NA,4,-1290.79952027132,2589.62980977341,910.044189257286,2.4345301560688e-198,1,FALSE
