"(Intercept)","pet","I(pet^2)","pre","I(pre^2)","df","logLik","AICc","delta","weight","cw","any_u_shaped"
-43.2925139578041,21.6622182780261,-2.98555742630558,0.16822798857626,-0.00171757920445919,8,-833.088560189617,1682.28814582256,0,0.999999999087125,0.999999999087125,FALSE
-2.79317630041466,-0.503143960054602,NA,0.210255592154783,-0.00244994485483351,7,-854.915352321659,1723.91699123808,41.6288454155144,9.12874495470726e-10,1,FALSE
-4.77251963157475,NA,NA,0.211276834613806,-0.00235370458842636,6,-871.626064769516,1755.31679466605,73.0286488434883,1.38685288027318e-16,1,FALSE
-85.737449718862,45.376501308455,-6.16645393671044,0.0585300219055911,NA,7,-885.820417515366,1785.72712162549,103.438975802929,3.45550715958351e-23,1,FALSE
-1.00390118494842,-0.2357826457201,NA,0.0410534349949943,NA,6,-1017.88591836577,2047.83650185855,365.548356035988,4.18970120785511e-80,1,FALSE
-1.98564836222052,NA,NA,0.0447350749489535,NA,5,-1020.46870141566,2050.98355667747,368.695410854903,8.68577911818298e-81,1,FALSE
-18.0044677990189,11.039162210799,-1.70955024606746,NA,NA,6,-1150.06858094613,2312.20182701928,629.91368119672,1.64430391207951e-137,1,FALSE
4.81511124917229,-1.46511904167161,NA,NA,NA,5,-1159.25579548294,2328.55774481203,646.269598989462,4.61678518979977e-141,1,FALSE
-0.551599697035653,NA,NA,NA,NA,4,-1291.63370890035,2591.29816338102,909.01001755846,4.08303111397059e-198,1,FALSE
