"(Intercept)","pre","I(pre^2)","tmx","I(tmx^2)","df","logLik","AICc","delta","weight","cw","any_u_shaped"
-19.4621026705102,0.0493404662687133,-0.000260894805249646,1.17806857408502,-0.0202652503672873,8,-341.273660032728,698.77057587941,0,0.512604844586411,0.512604844586411,FALSE
-0.556906060295608,0.0493882116291068,-0.000263272648833289,-0.059952113272709,NA,7,-342.501476779067,699.176328171137,0.405752291726117,0.418480008355929,0.93108485294234,FALSE
-17.6271291864549,0.00690693806171015,NA,1.19056080418764,-0.0208260656045061,7,-344.978786871047,704.130948355096,5.36037247568595,0.0351392601101689,0.966224113052509,FALSE
1.82349703002963,0.00655843120077011,NA,-0.0819276093345283,NA,6,-346.258506346969,704.646842678481,5.876266799071,0.027149859335598,0.993373972388107,FALSE
-3.32090487672764,0.0720104794291803,-0.000396916423292596,NA,NA,6,-347.668982718255,707.467795421054,8.69721954164345,0.00662529894131101,0.999999271329418,FALSE
-0.788396646046202,0.00803720796814512,NA,NA,NA,5,-357.812901264818,725.718395122228,26.9478192428178,7.21336831916586e-07,0.99999999266625,FALSE
3.14184731836916,NA,NA,-0.108134647047012,NA,5,-362.737363403458,735.567319399509,36.796743520099,5.24169051048147e-09,0.99999999790794,FALSE
-2.34923609059229,NA,NA,0.252002913014704,-0.00590058991359117,6,-362.637239633101,737.404309250746,38.6337333713351,2.09205981319943e-09,1,FALSE
-0.150845149106623,NA,NA,NA,NA,4,-382.814053611354,773.689740504681,74.9191646252702,2.76243974315739e-17,1,FALSE
