"(Intercept)","pet","I(pet^2)","pre","I(pre^2)","df","logLik","AICc","delta","weight","cw","any_u_shaped"
3.74470791412764,-3.48185160918232,0.591841908543775,0.0263928143065748,-0.000136699565309059,8,-249.519321663238,515.323228306714,0,0.979988718626608,0.979988718626608,TRUE
-1.3596544729264,NA,NA,0.0274416950954178,-0.000143768750660857,6,-255.820713221039,523.806780772786,8.48355246607264,0.0140942206017432,0.994082939228351,FALSE
-1.23428067358825,-0.0382435367757368,NA,0.027179152786519,-0.000143439729717705,7,-255.684948416182,525.590804130194,10.2675758234805,0.00577624113375354,0.999859180362105,FALSE
5.06175881800188,-3.76205492056884,0.638931439339421,0.00353266388374193,NA,7,-259.408532242761,533.037971783353,17.7147434766398,0.000139480471282466,0.999998660833388,TRUE
-0.408595218790332,NA,NA,0.00340631738134348,NA,5,-266.470896688481,543.059671569496,27.7364432627829,9.29670280851671e-07,0.999999590503668,FALSE
-0.263205761175157,-0.0451811636367572,NA,0.00316143414775731,NA,6,-266.289870090143,544.745094510995,29.4218662042814,4.00261673037043e-07,0.999999990765341,FALSE
4.96270201699275,-3.33180762932303,0.533512082526446,NA,NA,6,-270.085152864186,552.33566005908,37.0124317523665,8.9965011602196e-09,0.999999999761843,TRUE
0.445903321060128,-0.211601244979132,NA,NA,NA,5,-274.754610533294,559.627099259122,44.3038709524086,2.34832247951285e-10,0.999999999996675,FALSE
-0.147559653881226,NA,NA,NA,NA,4,-280.031692242489,568.141815857527,52.8185875508138,3.32514446582487e-12,1,FALSE
