"(Intercept)","pre","I(pre^2)","tmx","I(tmx^2)","df","logLik","AICc","delta","weight","cw","any_u_shaped"
-11.1019356204172,0.0315325998696353,-0.000174044821260666,0.662123598098516,-0.0113766629375525,8,-1018.28012370819,2052.63432149046,0,0.562652986023041,0.562652986023041,FALSE
-0.551757552717461,0.0326037024724481,-0.000181631517505164,-0.0322556103556088,NA,7,-1019.59234244758,2053.24226844273,0.607946952269685,0.415170631561784,0.977823617584825,FALSE
-11.3816001648669,0.00317706245226886,NA,0.766803486500699,-0.0132879782103138,7,-1023.36512002088,2060.78782358932,8.15350209886083,0.00954399368212303,0.987367611266948,FALSE
-1.99410374736704,0.0434979873503432,-0.000244557641304764,NA,NA,6,-1024.5139718385,2061.07110914462,8.43678765416007,0.00828353032409036,0.995651141591039,FALSE
1.01765679861279,0.00298301236719147,NA,-0.0448492022120505,NA,6,-1025.15855516682,2062.36027580127,9.7259543108139,0.00434786933406821,0.999999010925107,FALSE
1.6902627911905,NA,NA,-0.0590780826892142,NA,5,-1035.34845174735,2080.72772013568,28.0933986452224,4.46515586376423e-07,0.999999457440693,FALSE
-5.86828620956266,NA,NA,0.436890100426039,-0.00812903677258846,6,-1034.67004141167,2081.38324829097,28.7489268005102,3.21729210308007e-07,0.999999779169904,FALSE
-0.427257586220137,0.00399942260562754,NA,NA,NA,5,-1036.05253244913,2082.13588153924,29.5015600487809,2.20830095197009e-07,0.999999999999999,FALSE
-0.105415154584505,NA,NA,NA,NA,4,-1056.13840141275,2120.2973367064,67.6630152159414,1.14130983420508e-15,1,FALSE
