"(Intercept)","pet","I(pet^2)","pre","I(pre^2)","df","logLik","AICc","delta","weight","cw","any_u_shaped"
4.17378389741126,-3.01030636490527,0.501205667925091,0.0108924489885659,-5.90114286671468e-05,8,-271.249493427167,558.654159268127,0,0.983352086418001,0.983352086418001,TRUE
4.67681751075777,-3.08548496041587,0.513643785739217,0.00101678069255614,NA,7,-276.521512597646,567.163584936949,8.50942566882225,0.0139608138871472,0.997312900305148,TRUE
4.65924584514685,-2.96608749972326,0.483714937279693,NA,NA,6,-279.188166123616,570.466654827877,11.81249555975,0.00267706073379931,0.999989961038947,TRUE
-0.0397123283065171,-0.0885973887603307,NA,0.0111858115516449,-6.25150856229496e-05,7,-284.075140798734,582.270841339126,23.6166820709992,7.31832498717722e-06,0.999997279363934,FALSE
-0.333449200184796,NA,NA,0.0118052374164511,-6.32580992301505e-05,6,-286.130018488887,584.350359558419,25.6962002902915,2.58731941604076e-06,0.99999986668335,FALSE
0.383110603616949,-0.0914877982795831,NA,0.000715724971069474,NA,6,-289.821863567842,591.734049716329,33.0798904482021,6.44914440929112e-08,0.999999931174794,FALSE
0.549624398322099,-0.130903869291719,NA,NA,NA,5,-291.126960816292,592.318368463949,33.6642091958215,4.81525064281061e-08,0.999999979327301,FALSE
0.0849311360422978,NA,NA,0.00122717866839246,NA,5,-291.983951631235,594.032350093834,35.3781908257065,2.04377233395843e-08,0.999999999765024,FALSE
0.17916255646394,NA,NA,NA,NA,4,-297.460370571666,602.963659598267,44.3095003301398,2.34975887687318e-10,1,FALSE
