"(Intercept)","pet","I(pet^2)","pre","I(pre^2)","df","logLik","AICc","delta","weight","cw","any_u_shaped"
-0.545862876217434,NA,NA,0.015313960130171,-9.59180884689086e-05,6,-219.73677284228,451.644625114296,0,0.482626097740706,0.482626097740706,FALSE
1.91657148249756,-1.70322220773814,0.292394010124269,0.0150223959183136,-9.33280588060094e-05,8,-218.171116359086,452.636711245779,0.992086131483518,0.293888123722211,0.776514221462917,TRUE
-0.528829892123217,-0.00521609299122624,NA,0.0152797511767023,-9.58812460367686e-05,7,-219.734051743295,453.696674915162,2.05204980086586,0.172987152488848,0.949501373951765,FALSE
2.77254936629871,-1.92207347941579,0.334192963570696,NA,NA,6,-223.264862039371,458.700803508477,7.05617839418119,0.0141703681174292,0.963671742069194,TRUE
0.0340862505266382,NA,NA,NA,NA,4,-225.406765104119,458.894666110875,7.25004099657934,0.012861286218685,0.976533028287879,FALSE
0.0870927172817841,NA,NA,-0.000681366269278642,NA,5,-224.800008547167,459.721968313847,8.07734319955119,0.00850428904130962,0.985037317329189,FALSE
2.75717986862647,-1.85516748446426,0.317849508549008,-0.000548549320540692,NA,7,-222.984207430795,460.196986290161,8.55236117586486,0.0067063956195747,0.991743712948764,TRUE
-0.0459250879440266,0.0285710498875382,NA,NA,NA,5,-225.296394922324,460.714741064161,9.07011594986483,0.00517678524308412,0.996920498191848,FALSE
0.117596139996913,-0.00947521870706708,NA,-0.000732393518660676,NA,6,-224.791247238081,461.753573905896,10.1089487916006,0.00307950180815227,1,FALSE
