"(Intercept)","pre","I(pre^2)","tmx","I(tmx^2)","df","logLik","AICc","delta","weight","cw","any_u_shaped"
-32.8943880393344,0.00163395268080058,NA,2.25822375594704,-0.0388101764169826,7,-393.647827456978,801.408104713154,0,0.465562613033524,0.465562613033524,FALSE
-28.0974189976197,NA,NA,1.95930746719328,-0.0340338843890401,6,-395.026140820719,802.136534399712,0.72842968655857,0.323445862763387,0.789008475796911,FALSE
-33.2750568462479,-0.00492809935337882,4.11468727850527e-05,2.30413350039811,-0.0396291633440643,8,-393.510014987977,803.164753594044,1.75664888089,0.193431250406475,0.982439726203386,TRUE
3.30992019126718,NA,NA,-0.109064120734449,NA,5,-399.495873808408,809.051867857297,7.64376314414358,0.0101895738164341,0.99262930001982,FALSE
3.11115083761963,0.00083462672440436,NA,-0.104652109375441,NA,6,-399.117837978638,810.31992871555,8.91182400239666,0.00540505482014521,0.998034354839965,FALSE
3.16296432675931,-6.47154307678961e-05,5.62478627523851e-06,-0.105191917907178,NA,7,-399.115253534698,812.342956868592,10.9348521554384,0.00196564515974943,0.999999999999715,TRUE
-1.93781886356262,0.0462708844516824,-0.000269990279739502,NA,NA,6,-422.784464961993,857.65318268226,56.2450779691065,2.84783352947706e-13,1,FALSE
-0.294638991048978,0.00385475247736101,NA,NA,NA,5,-430.1685525849,870.397225410282,68.9891206971283,4.86609834637055e-16,1,FALSE
0.00581960335969762,NA,NA,NA,NA,4,-438.846045245362,885.732130530764,84.3240258176107,2.27639983172431e-19,1,FALSE
