"(Intercept)","pet","I(pet^2)","pre","I(pre^2)","df","logLik","AICc","delta","weight","cw","any_u_shaped"
4.47448548526342,-3.03829231249908,0.5151331283724,0.0048964766357375,-2.28420354825561e-05,8,-586.39738459412,1188.86521928609,0,0.659046232162992,0.659046232162992,TRUE
4.69954735982697,-3.09086835726783,0.524245236249051,0.00110146295694427,NA,7,-588.068203100536,1190.19117392723,1.32595464114638,0.33961627132492,0.998662503487913,TRUE
4.65684619622624,-2.95039123497696,0.490563824747747,NA,NA,6,-594.612075882709,1201.26520748389,12.3999881978059,0.00133749650696025,0.999999999994873,TRUE
0.165658540135293,-0.0508728145972983,NA,0.00568335060936857,-2.93530029964416e-05,7,-613.665007097806,1241.38478192177,52.5195626356854,2.59679555530691e-12,0.99999999999747,FALSE
0.00360867140346972,NA,NA,0.00594309465906409,-2.92889079853273e-05,6,-615.10657943997,1242.25421459842,53.3889953123278,1.68129086072828e-12,0.999999999999151,FALSE
0.357968397747368,-0.0505668740883501,NA,0.000799733353048956,NA,6,-616.350514858554,1244.74208543558,55.8768661494948,4.84628068780779e-13,0.999999999999636,FALSE
0.19649187206458,NA,NA,0.00106839411567092,NA,5,-617.771473024444,1245.57225723599,56.7070379499041,3.19991946421912e-13,0.999999999999956,FALSE
0.532372135797348,-0.0910244629456334,NA,NA,NA,5,-619.751261118778,1249.53183342466,60.6666141385708,4.41904071937045e-14,1,FALSE
0.279050582218102,NA,NA,NA,NA,4,-626.002745405663,1260.02502206133,71.1598027752377,2.32681064587503e-16,1,FALSE
