"(Intercept)","pre","I(pre^2)","tmx","I(tmx^2)","df","logLik","AICc","delta","weight","cw","any_u_shaped"
-0.0204713377511057,NA,NA,NA,NA,4,-172.704281392234,353.493308547179,0,0.21178154057354,0.21178154057354,FALSE
-0.132403688661648,0.00139980365219009,NA,NA,NA,5,-171.834543415888,353.796475366808,0.303166819628757,0.18199366241351,0.39377520298705,FALSE
-0.903424610380032,0.020863338303734,-0.000120871050876743,NA,NA,6,-170.842553924967,353.863831254189,0.370522707009513,0.175966550126598,0.569741753113648,FALSE
0.488175984264428,NA,NA,-0.0167707693231017,NA,5,-172.113316908681,354.354022352394,0.860713805214743,0.137716658031092,0.70745841114474,FALSE
0.242167633735401,0.00115685286217908,NA,-0.0117096970868684,NA,6,-171.571753478063,355.322230360382,1.82892181320244,0.0848677674220252,0.792326178566765,FALSE
10.4229687417121,NA,NA,-0.669117495979423,0.0107007266220138,6,-171.719616834418,355.617957073091,2.12464852591165,0.073202605267886,0.865528783834651,TRUE
-0.772741588542,0.0198019386984989,-0.000114646068459629,-0.00284402887987823,NA,7,-170.829629574618,355.898065119385,2.40475657220532,0.0636358498405628,0.929164633675214,FALSE
8.48738560236937,0.00102038077496509,NA,-0.551805341120568,0.00884962673284995,7,-171.309506097262,356.857818164673,3.36450961749324,0.0393816694490225,0.968546303124237,TRUE
8.43559543297441,0.0205145415744042,-0.000119969481011716,-0.608703964378052,0.00993394771183429,8,-170.499846870167,357.307386048027,3.81407750084759,0.0314536968757635,1,TRUE
