"(Intercept)","pet","I(pet^2)","pre","I(pre^2)","df","logLik","AICc","delta","weight","cw","any_u_shaped"
2.4766747662643,-2.41512726620119,0.43401876563447,0.0316731320899042,-0.000176940174289716,8,-529.477027894632,1075.10266260041,0,0.991616572068885,0.991616572068885,TRUE
-1.15466044715248,0.108063631850349,NA,0.0320196387606349,-0.000180498992128541,7,-535.590993208803,1085.29745033513,10.194787734722,0.00606141120518754,0.997677983274073,FALSE
-0.806467226799517,NA,NA,0.0314859122632742,-0.000180893180379135,6,-537.564977349549,1087.21646345296,12.1138008525509,0.00232201672524917,0.999999999999322,FALSE
3.97078636442656,-2.65336072973525,0.476647973577144,0.00226392869157627,NA,7,-558.509642471451,1131.13474886043,56.0320862600183,6.74731273583138e-13,0.999999999999997,TRUE
0.00578927378959918,0.118304187165055,NA,0.00199738149681479,NA,6,-565.349432491349,1142.78537373656,67.6827111361522,1.99172691784058e-15,0.999999999999999,FALSE
3.93618045982099,-2.39320768136242,0.411027770446098,NA,NA,6,-566.290392405591,1144.66729356504,69.5646309646359,7.77277496582448e-16,0.999999999999999,TRUE
0.388044852372647,NA,NA,0.00133954510699348,NA,5,-567.514579137251,1145.09088666956,69.9882240691541,6.28917993878246e-16,1,FALSE
0.490903693940945,NA,NA,NA,NA,4,-571.426709249289,1150.89452846775,75.791865867337,3.4542138126664e-17,1,FALSE
0.464476252320524,0.00942403467354853,NA,NA,NA,5,-571.407177880786,1152.87608415663,77.773421556225,1.28250735928343e-17,1,FALSE
