"(Intercept)","pre","I(pre^2)","tmx","I(tmx^2)","df","logLik","AICc","delta","weight","cw","any_u_shaped"
-46.8318141919398,0.0369558622798236,-0.000205958539964752,3.08205379908846,-0.0517800390581183,8,-671.047031881316,1358.20630070729,0,0.978235105110614,0.978235105110614,FALSE
-45.5253495290214,0.00347555981188838,NA,3.10011081277891,-0.0523390560971245,7,-675.865200642697,1365.81762869972,7.61132799243228,0.021760274541442,0.999995379652056,FALSE
-39.2981253881179,NA,NA,2.72520330670338,-0.0464471776991777,6,-685.342149124268,1382.74966789834,24.5433671910478,4.58056209323743e-06,0.999999960214149,FALSE
1.44777989340872,0.0376204198799779,-0.00021460894804668,-0.0813652674140911,NA,7,-689.094730614054,1392.27668864244,34.0703879351452,3.90978166512293e-08,0.999999999311966,FALSE
3.35310397808396,0.0027253166866685,NA,-0.0981442326128559,NA,6,-694.15401332601,1400.37339630183,42.1670955945328,6.82299065779863e-10,0.999999999994265,FALSE
3.93560799389662,NA,NA,-0.11009708854945,NA,5,-699.942341655524,1409.93133960965,51.7250389023559,5.73447624697331e-12,1,FALSE
-2.27461054729587,0.0674690846793296,-0.000389649233289957,NA,NA,6,-708.763910930368,1429.59319151054,71.3868908032491,3.08302371857374e-16,1,FALSE
0.208369798167859,0.00473831512362542,NA,NA,NA,5,-727.793109254907,1465.63287480841,107.426574101121,4.60319182204494e-24,1,FALSE
0.589394354425002,NA,NA,NA,NA,4,-745.605379450156,1499.24183893139,141.0355382241,2.31720919110265e-31,1,FALSE
