"(Intercept)","pet","I(pet^2)","pre","I(pre^2)","df","logLik","AICc","delta","weight","cw","any_u_shaped"
4.77717833227094,-3.64246398027694,0.635260282320536,0.0159249909805736,-8.41117402061487e-05,8,-1421.21961644313,2858.48603171629,0,0.999999999988115,0.999999999988115,TRUE
5.58678465646862,-3.83140163528529,0.66894914243485,0.00205521188318565,NA,7,-1447.38056328688,2908.79751383821,50.3114821219265,1.18850351100208e-11,1,TRUE
-0.401225953306102,NA,NA,0.0168055380826701,-9.2900669829293e-05,6,-1471.08216699231,2954.19161556955,95.7055838532647,1.65118799569684e-21,1,FALSE
-0.520683772049116,0.0384567124333749,NA,0.0169294548507088,-9.24315887833786e-05,7,-1470.10826153888,2954.25291034221,95.7668786259296,1.60135098708759e-21,1,FALSE
5.49480445140027,-3.56057717296905,0.604656782777139,NA,NA,6,-1474.05223987267,2960.13176133026,101.645729613977,8.47052365867812e-23,1,TRUE
0.0627258659922364,0.0453401835688972,NA,0.00166626958987534,NA,6,-1500.60207144143,3013.23142446779,154.745392751501,2.49726663075385e-34,1,FALSE
0.207213536178981,NA,NA,0.00142859539082496,NA,5,-1501.92487875556,3013.86923803061,155.38320631432,1.81537127245734e-34,1,FALSE
0.425098619290942,-0.0386415371085955,NA,NA,NA,5,-1517.76539348685,3045.55026749317,187.064235776889,2.39616831064644e-41,1,FALSE
0.317606201138832,NA,NA,NA,NA,4,-1519.05604549507,3046.12507378794,187.639042071655,1.79762756645659e-41,1,FALSE
