"(Intercept)","pet","I(pet^2)","pre","I(pre^2)","df","logLik","AICc","delta","weight","cw","any_u_shaped"
-2.18263770885387,0.340785594710395,NA,0.0411151882241468,-0.000229009982486667,7,-701.024972972207,1416.18619898578,0,0.695141085707311,0.695141085707311,FALSE
-0.960256419013547,-0.512919382266383,0.148994331552027,0.0408249398332019,-0.000226896571445795,8,-700.83420182756,1417.84379951383,1.6576005280524,0.303479651448721,0.998620737156032,TRUE
-1.10638290699447,NA,NA,0.0390008039306329,-0.000225346417594225,6,-708.264850934193,1428.63176748199,12.4455684962177,0.00137896135966592,0.999999698515698,FALSE
-0.669496279814089,0.326698297789026,NA,0.00351078321336353,NA,6,-717.206008200674,1446.51408201496,30.3278830291811,1.80491533229024e-07,0.999999879007231,FALSE
1.50646720714606,-1.2100895376967,0.268235164719521,0.00361072612079038,NA,7,-716.613063538736,1447.36238011883,31.176181133058,1.18100365427068e-07,0.999999997107597,TRUE
-0.0577100899049885,0.202015235480603,NA,NA,NA,5,-723.185354384344,1456.44352430267,40.2573253168914,1.25981227970015e-09,0.999999998367409,FALSE
0.338871463116271,NA,NA,0.00207149957439968,NA,5,-723.611958353262,1457.2967322405,41.1105332547279,8.22307189882365e-10,0.999999999189716,FALSE
1.49628405685899,-0.88938382728774,0.190072404927684,NA,NA,6,-722.890595747958,1457.88325710952,41.6970581237483,6.1329839832063e-10,0.999999999803014,TRUE
0.497634186829766,NA,NA,NA,NA,4,-726.053107138315,1460.15469912512,43.9685001393391,1.96985592837179e-10,1,FALSE
