"(Intercept)","pre","I(pre^2)","tmx","I(tmx^2)","df","logLik","AICc","delta","weight","cw","any_u_shaped"
-89.2748226507606,0.0904080520127918,-0.000537211742655549,5.7482357946381,-0.0959396250294089,8,-687.619314500634,1391.41445317709,0,0.998043756177365,0.998043756177365,FALSE
-91.8906193295797,0.00401145778162664,NA,6.20148754712857,-0.104319468565436,7,-695.581517213323,1405.2996197925,13.8851666154073,0.000963882202429384,0.999007638379794,FALSE
-0.87328104764698,0.0965532337663786,-0.000588990319791733,-0.0832948530473637,NA,7,-695.801748028707,1405.74008142327,14.3256282461757,0.000773355063622818,0.999780993443417,FALSE
-75.4648828934486,NA,NA,5.15270953208691,-0.0872636314479948,6,-698.211751832813,1408.52581791654,17.1113647394475,0.000192071947514602,0.999973065390931,FALSE
-4.78590236246454,0.130680676133978,-0.000795123493475798,NA,NA,6,-700.195148039552,1412.49261033002,21.0781571529249,2.64293152900033e-05,0.999999494706221,FALSE
5.04380607848815,NA,NA,-0.150089522506526,NA,5,-705.620733213799,1421.31445912833,29.900005951235,3.20956211663639e-07,0.999999815662433,FALSE
4.7663956912963,0.00161816397815965,NA,-0.145145243949243,NA,6,-705.160608575684,1422.42353140228,31.0090782251889,1.8433754571722e-07,0.999999999999979,FALSE
0.200284706437826,0.00375711592883944,NA,NA,NA,5,-722.364305793346,1454.80160428742,63.3871511103303,1.71713565706303e-14,0.999999999999996,FALSE
0.496457137307452,NA,NA,NA,NA,4,-724.802060524739,1457.65272372262,66.2382705455325,4.12754567337473e-15,1,FALSE
