"(Intercept)","pet","I(pet^2)","pre","I(pre^2)","df","logLik","AICc","delta","weight","cw","any_u_shaped"
2.67803142649211,-2.27760016637673,0.398329910302121,0.0200859849852031,-0.000109656484776178,8,-361.995607681895,740.049942933122,0,0.999999999999593,0.999999999999593,TRUE
-0.672349295367646,0.0460023641409511,NA,0.0202954555744808,-0.000112318180599142,7,-391.842687532538,797.731033442572,57.6810905094504,2.98339213713818e-13,0.999999999999891,FALSE
-0.52031397952709,NA,NA,0.0199922907409956,-0.000112067886530651,6,-393.855922737908,799.746075304667,59.6961323715456,1.08930515789471e-13,1,FALSE
3.59945319552444,-2.40814255471551,0.420102181093058,0.0017316024756725,NA,7,-426.359613035368,866.764884448233,126.714941515111,3.04929936024375e-28,1,TRUE
3.57601729744572,-2.20797992615486,0.369459769636877,NA,NA,6,-452.772121447427,917.578472723704,177.528529790583,2.81948355449925e-39,1,TRUE
0.0847181846322098,0.0422963253801394,NA,0.00148184055502658,NA,6,-457.643479114367,927.321188057584,187.271245124462,2.16055741418059e-41,1,FALSE
0.222915794880177,NA,NA,0.00124158674648936,NA,5,-459.246013722238,928.516467363009,188.466524429888,1.18854111091834e-41,1,FALSE
0.433084005687585,-0.0406252226612852,NA,NA,NA,5,-476.848228140542,963.720896199618,223.670953266496,2.69444682475112e-49,1,FALSE
0.318014439593781,NA,NA,NA,NA,4,-478.975886961375,965.968060567702,225.91811763458,8.75999936458208e-50,1,FALSE
