"(Intercept)","pre","I(pre^2)","tmx","I(tmx^2)","df","logLik","AICc","delta","weight","cw","any_u_shaped"
-6.97113970267213,0.00219495516981154,NA,0.506450977549699,-0.00899162825381222,7,-941.301005274947,1896.63842147317,0,0.455349808579167,0.455349808579167,FALSE
-6.97504361682269,-0.00364051458256713,3.58345125060187e-05,0.524649138662893,-0.0093330781290521,8,-940.754493716657,1897.55581670161,0.917395228435453,0.28782950819641,0.743179316775577,TRUE
1.41673142602937,0.00205194603765845,NA,-0.0426653686666373,NA,6,-943.314453257814,1898.65620583314,2.01778435997335,0.166030873108509,0.909210189884087,FALSE
1.68573584022693,-0.00294211689961513,3.06391712883341e-05,-0.0449346147274556,NA,7,-942.913561523654,1899.86353397058,3.22511249741365,0.0907864172740842,0.999996607158171,TRUE
1.86360241592195,NA,NA,-0.051929497931158,NA,5,-955.639827853518,1921.29914888442,24.6607274112532,2.01064890240454e-06,0.999998617807073,FALSE
-2.76452546969286,NA,NA,0.251825057107039,-0.00497975587734124,6,-955.010730965132,1922.04876124778,25.4103397746105,1.38216529703396e-06,0.99999999997237,FALSE
-0.337638703156388,0.0126677911575611,-6.02104922867133e-05,NA,NA,6,-966.207492018266,1944.44228335405,47.803861880878,1.89613146051778e-11,0.999999999991331,FALSE
0.047922764802055,0.00294725122308202,NA,NA,NA,5,-967.994109657115,1946.00771249162,49.3692910184466,8.66841761419862e-12,1,FALSE
0.285257695329078,NA,NA,NA,NA,4,-995.367177923299,1998.74734707752,102.108925604347,3.05966364913521e-23,1,FALSE
