"(Intercept)","pre","I(pre^2)","tmx","I(tmx^2)","df","logLik","AICc","delta","weight","cw","any_u_shaped"
-19.0181946569422,0.0121760902190517,-6.57028544911444e-05,1.29425091711071,-0.0218831676974803,8,-261.379273404169,538.811565954141,0,0.845831180338769,0.845831180338769,FALSE
-18.53098786961,0.00149368099381361,NA,1.29596780685498,-0.0220041441952329,7,-264.087620427445,542.21646279085,3.4048968367091,0.154141555367075,0.999972735705844,FALSE
-15.1292901014327,NA,NA,1.08655521678398,-0.0186699581070044,6,-273.738941559783,559.508788196828,20.6972222426874,2.70981090013983e-05,0.999999833814845,FALSE
1.40634427858649,0.0121627761401813,-6.80368420527495e-05,-0.0428403742126153,NA,7,-277.974129602814,569.989481141587,31.1779151874465,1.43577183326746e-07,0.999999977392029,FALSE
2.02790875888508,0.00109868660685712,NA,-0.0487176999202451,NA,6,-280.840389607543,573.711684292349,34.9001183382087,2.2326429992492e-08,0.999999999718459,FALSE
2.24744530412068,NA,NA,-0.0530536863778603,NA,5,-286.218056133035,582.458179202444,43.6466132483033,2.81541258109724e-10,1,FALSE
-0.563663423214024,0.0282349282189226,-0.000163185517550591,NA,NA,6,-306.800392832541,625.631690742344,86.8201247882033,1.18722527532787e-19,1,FALSE
0.478861902338518,0.00194178648327719,NA,NA,NA,5,-326.580492554565,663.183052045504,124.371486091364,8.32450911061165e-28,1,FALSE
0.633729260608259,NA,NA,NA,NA,4,-343.851052795178,695.71681147271,156.905245518569,7.17368884655849e-35,1,FALSE
