"(Intercept)","pet","I(pet^2)","pre","I(pre^2)","df","logLik","AICc","delta","weight","cw","any_u_shaped"
4.6509040405008,-2.84961557599248,0.465936522387117,0.0116057945386228,-6.56580055583364e-05,8,633.146028250837,-1250.23988258863,0,1,1,TRUE
5.23203472610272,-2.95065678396911,0.483210141439235,0.000645945615264364,NA,7,576.104713761863,-1138.16886251105,112.07102007758,4.61410209192189e-25,1,TRUE
5.21852248931512,-2.87346871077355,0.463976405858762,NA,NA,6,566.879557338139,-1121.72870193189,128.511180656741,1.24208606358528e-28,1,TRUE
0.741389886610998,-0.137469552229635,NA,0.012030945099852,-6.97942910208762e-05,7,537.840803639964,-1061.64104226725,188.598840321378,1.11245429611065e-41,1,FALSE
0.293496293103509,NA,NA,0.0128507684578997,-7.01312837008755e-05,6,496.947691116179,-981.86496948797,268.37491310066,5.28601120705357e-59,1,FALSE
1.20623721845472,-0.138280195454067,NA,0.000368886636761561,NA,6,478.589419178518,-945.148425612648,305.091456975982,5.6264165225016e-67,1,FALSE
1.291288208877,-0.158396728055129,NA,NA,NA,5,475.781606958149,-941.541498389696,308.698384198935,9.26824669480772e-68,1,FALSE
0.757973045169629,NA,NA,0.00113648214995822,NA,5,439.186068345289,-868.350421163976,381.889461424654,1.18510574415376e-83,1,FALSE
0.845670214363102,NA,NA,NA,NA,4,402.826974898395,-797.639478016761,452.60040457187,5.23685915371315e-99,1,FALSE
