"(Intercept)","pre","I(pre^2)","tmx","I(tmx^2)","df","logLik","AICc","delta","weight","cw","any_u_shaped"
1.30667007059058,-0.00186157032154795,2.23620277076949e-05,-0.244961926834349,0.0119530809566081,8,311.595742267688,-607.145092782799,0,0.906729694565,0.906729694565,TRUE
1.2899615432084,0.000597084927749011,NA,-0.255370679201778,0.0125729251564057,7,308.31102311598,-602.585975378498,4.5591174043019,0.0927850643299865,0.999514758894986,TRUE
1.46833464186146,NA,NA,-0.284246234035726,0.0139343510592555,6,301.921826791781,-591.816609153427,15.328483629372,0.000425539531021426,0.999940298426008,TRUE
0.321362529806488,-0.0021635094902371,2.61441183537719e-05,-0.0263178348234627,NA,7,300.932146274409,-587.828221695356,19.3168710874432,5.7925871732177e-05,0.99999822429774,TRUE
0.241373511847835,0.000717926949921785,NA,-0.0252205791459793,NA,6,296.44242653781,-580.857808645485,26.2872841373143,1.77527900163529e-06,0.999999999576741,FALSE
0.321079217687901,NA,NA,-0.0300817335661657,NA,5,287.097005948283,-564.174700663866,42.9703921189331,4.23229320822023e-10,0.999999999999971,FALSE
0.0536571926759331,-0.00123389845242885,2.06223838694658e-05,NA,NA,6,278.366667922942,-544.706291415748,62.438801367051,2.50648086534602e-14,0.999999999999996,TRUE
-0.00111063443835413,0.00102832954961792,NA,NA,NA,5,275.592172759236,-541.165034285771,65.9800584970282,4.2666810429134e-15,1,FALSE
0.0504217727735157,NA,NA,NA,NA,4,255.071413883709,-502.129957754549,105.015135028251,1.42472488229585e-23,1,FALSE
