"(Intercept)","pet","I(pet^2)","pre","I(pre^2)","df","logLik","AICc","delta","weight","cw"
4.58137787979517,-1.97048576545922,0.209843662361622,0.00259208659551222,NA,7,322.326137670982,-630.616204488501,0,0.598237177979531,0.598237177979531
4.99912769508978,-2.1648416659741,0.231688455841016,0.00353756455857027,-1.45642019778015e-05,8,322.505708375941,-628.965024999305,1.6511794891959,0.262013898329981,0.860251076309512
0.419179966797054,-0.100307789718129,NA,0.00260366763492837,NA,6,319.537311730514,-627.047579030894,3.56862545760737,0.100451453918646,0.960702530228157
0.427406438535615,-0.100482611407044,NA,0.00210237541705205,7.7120817309629e-06,7,319.596006263529,-625.155941673595,5.46026281490595,0.0390114770652141,0.999714007293371
-0.0578110953213693,NA,NA,0.00346694994282967,NA,5,312.349963973134,-614.680616713567,15.9355877749342,0.000207254744320313,0.999921262037692
-0.0520031871193228,NA,NA,0.00307443120623374,6.05682792176271e-06,6,312.385998242008,-612.744952053881,17.8712524346199,7.87372496731952e-05,0.999999999287365
5.25920476113441,-2.13587017270561,0.217043626948985,NA,NA,6,300.637951104593,-589.248857779052,41.3673467094493,6.2239801042109e-10,0.999999999909763
0.956664218258409,-0.201992164550469,NA,NA,NA,5,297.702944768444,-585.386578304187,45.2296261843142,9.02370447833842e-11,1
0.0504217727735157,NA,NA,NA,NA,4,255.071413883709,-502.129957754549,128.486246733952,7.52383773497741e-29,1
