"(Intercept)","pre","I(pre^2)","tmx","I(tmx^2)","df","logLik","AICc","delta","weight","cw","any_u_shaped"
0.154365693076801,0.00722935149351831,-4.24811171015111e-05,-0.022090827478652,NA,7,403.348904121467,-792.669060809669,0,0.700543618605948,0.700543618605948,FALSE
0.344165360402841,0.00729389271168052,-4.28265104860981e-05,-0.0431197661412154,0.000571146884450148,8,403.503121760834,-790.9692730467,1.69978776296932,0.299454579062877,0.999998197668825,TRUE
0.384841561062876,0.00115815251597775,NA,-0.0233884782714953,NA,6,389.160007850571,-766.298460658801,26.370600150868,1.31562499646787e-06,0.999999513293821,FALSE
0.431679376386978,0.00116186122056584,NA,-0.0285297116530738,0.000139565892010205,7,389.16919754349,-764.309647653714,28.3594131559548,4.86706178599912e-07,1,TRUE
0.531761905906104,NA,NA,-0.0270221336198416,NA,5,363.804962663837,-717.594532818694,75.0745279909747,3.49308024302684e-17,1,FALSE
0.167371131243812,NA,NA,0.0126672306890928,-0.00107498300769773,6,364.357359486388,-716.693163930436,75.9758968792329,2.22576236737918e-17,1,FALSE
-0.330423481406119,0.00885547868391483,-5.12680462113613e-05,NA,NA,6,353.838740627642,-695.655926212943,97.0131345967264,6.01590081822493e-22,1,FALSE
-0.0836562913053019,0.00155509353679799,NA,NA,NA,5,333.528839372539,-657.042286236098,135.626774573571,2.48002057300622e-30,1,FALSE
0.0215031845498975,NA,NA,NA,NA,4,287.027179033905,-566.04409902703,226.624961782639,4.30972937041046e-50,1,FALSE
