"(Intercept)","pet","I(pet^2)","pre","I(pre^2)","df","logLik","AICc","delta","weight","cw"
5.58436506476451,-2.70151554642783,0.313027922676373,0.0154250929071115,-0.000171948502794998,8,317.509414045506,-618.972436338434,0,0.321295049026224,0.321295049026224
-0.109182069815376,NA,NA,0.00578201104423421,NA,5,314.125026928194,-618.230742623687,0.741693714747385,0.221741657533093,0.543036706559318
-0.191805806306512,NA,NA,0.011672254553185,-0.000100610647508021,6,314.970303568758,-617.913562707381,1.05887363105342,0.189222399704559,0.732259106263876
3.6785208699345,-1.74867611560722,0.202117427976627,0.00544697653965024,NA,7,315.400270147158,-616.764469440854,2.20796689758015,0.106524649387797,0.838783755651673
-0.0525440693544811,-0.0121381135143702,NA,0.00561034428322086,NA,6,314.193642677405,-616.360240924674,2.61219541376033,0.0870308061737898,0.925814561825463
-0.135349449306462,-0.0120946359970982,NA,0.0114996823149293,-0.00010058470881977,7,315.038461619034,-616.040852384606,2.93158395382841,0.0741854381744719,0.999999999999935
7.25821077191739,-3.18334492996183,0.34993915173185,NA,NA,6,286.203889200234,-560.380733970332,58.5917023681019,6.07963520921333e-14,0.999999999999995
0.843560226637044,-0.185504928055669,NA,NA,NA,5,282.591566260722,-555.163821288744,63.8086150496903,4.47753847505671e-15,1
0.0504217727735157,NA,NA,NA,NA,4,255.071413883709,-502.129957754549,116.842478583886,1.36421299746598e-26,1
