"(Intercept)","pet","I(pet^2)","pre","I(pre^2)","df","logLik","AICc","delta","weight","cw","any_u_shaped"
9.04828952922337,-4.15858132551065,0.466583365899953,0.013960373610958,-0.000162907609776481,8,321.927497143573,-627.80860253457,0,0.637391429566416,0.637391429566416,TRUE
7.05019576147476,-3.17477766106067,0.353163660686651,0.00442381804196227,NA,7,319.94441097865,-625.852751103838,1.95585143073174,0.239716803357615,0.877108232924031,TRUE
0.357299265885641,-0.0997367677257506,NA,0.00456878769754964,NA,6,317.639032991792,-623.251021553449,4.5575809811204,0.0652739785078269,0.942382211431858,FALSE
0.272669390464366,-0.0976357086306877,NA,0.00992699462488127,-9.1086549836664e-05,7,318.331721230746,-622.627371608029,5.18123092654048,0.0477877099631345,0.990169921394992,FALSE
-0.109182069815376,NA,NA,0.00578201104423421,NA,5,314.125026928194,-618.230742623687,9.57785991088269,0.00530396153362936,0.995473882928622,FALSE
-0.191805806306512,NA,NA,0.011672254553185,-0.000100610647508021,6,314.970303568758,-617.913562707381,9.89503982718873,0.00452611539256775,0.99999999832119,FALSE
9.74022997328693,-4.20066039074091,0.453146795825327,NA,NA,6,300.102049507779,-588.177054585423,39.6315479491465,1.57951926701224e-09,0.999999999900709,TRUE
1.1862827859329,-0.261646025217109,NA,NA,NA,5,296.331364309276,-582.643417385852,45.1651851487178,9.92912269845801e-11,1,FALSE
0.0504217727735157,NA,NA,NA,NA,4,255.071413883709,-502.129957754549,125.678644780021,3.26313663509839e-28,1,FALSE
