"(Intercept)","pre","I(pre^2)","tmx","I(tmx^2)","df","logLik","AICc","delta","weight","cw","any_u_shaped"
0.155746018390201,0.00721899228646047,-4.23736472577217e-05,-0.0221150200437864,NA,7,401.876755366098,-789.724785418013,0,0.698990108510999,0.698990108510999,FALSE
0.350116041314855,0.00728512446214005,-4.27277419660875e-05,-0.0436505716044437,0.00058491014347019,8,402.038363753576,-788.039785485603,1.68499993241073,0.301007934544427,0.999998043055425,TRUE
0.38562448786296,0.00116304278412241,NA,-0.0234087923609381,NA,6,387.771850207961,-763.522161954383,26.2026234636306,1.42772195901338e-06,0.999999470777384,FALSE
0.437275271130507,0.00116712753190181,NA,-0.0290783349216337,0.000153908477634955,7,387.783017384105,-761.537309454027,28.1874759639868,5.29222615818565e-07,1,TRUE
0.533222744081789,NA,NA,-0.0270609447953039,NA,5,362.218108423562,-714.420836175501,75.3039492425125,3.10760791750911e-17,1,FALSE
0.172242369736806,NA,NA,0.0122573078496095,-0.00106493862331694,6,362.759736374186,-713.497934286834,76.2268511311796,1.95893768242717e-17,1,FALSE
-0.329555588124108,0.00884657331415916,-5.11661130609296e-05,NA,NA,6,352.30045685711,-692.579375252682,97.1454101653309,5.61840758247571e-22,1,FALSE
-0.0832813499886637,0.00156057471460202,NA,NA,NA,5,332.088882098338,-654.162383525054,135.56240189296,2.55546232288729e-30,1,FALSE
0.0222495250841067,NA,NA,NA,NA,4,285.284182685173,-562.558114217091,227.166671200923,3.27985876323078e-50,1,FALSE
