"(Intercept)","pre","I(pre^2)","tmx","I(tmx^2)","df","logLik","AICc","delta","weight","cw","any_u_shaped"
1.31639216323961,-0.00189121911744815,2.26683736582593e-05,-0.246004490301778,0.0120008385318561,8,315.16785161316,-614.289055995999,0,0.914088772063137,0.914088772063137,TRUE
1.29897555253321,0.000601473176168342,NA,-0.25647473192514,0.0126250389814783,7,311.79316031075,-609.550051191448,4.73900480455052,0.0854922124431454,0.999580984506282,TRUE
1.47888691715026,NA,NA,-0.285609963372742,0.0139996914469402,6,305.324898810925,-598.622604355421,15.6664516405773,0.000362294403350885,0.999943278909633,TRUE
0.326654273203829,-0.00219071911051347,2.64334409459707e-05,-0.0264393510835192,NA,7,304.447717133308,-594.859164836565,19.4298911594339,5.51875503549981e-05,0.999998466459988,TRUE
0.24559944766503,0.000722983015653148,NA,-0.0253208033328898,NA,6,299.859806877113,-587.692420487796,26.5966355082029,1.53321251386055e-06,0.999999999672502,FALSE
0.325761909759475,NA,NA,-0.0301957410552605,NA,5,290.404450974313,-570.789484472897,43.4995715231016,3.27473706687618e-10,0.999999999999976,FALSE
0.0578546697664721,-0.00125596695258184,2.08626712431421e-05,NA,NA,6,281.756203227867,-551.485213189304,62.8038428066949,2.10526702352557e-14,0.999999999999997,TRUE
0.0023680487695864,0.00103288732308843,NA,NA,NA,5,278.917853681371,-547.816289887013,66.4727661089855,3.36209991334264e-15,1,FALSE
0.054290457369242,NA,NA,NA,NA,4,258.285677411571,-508.558414027283,105.730641968716,1.00431786227623e-23,1,FALSE
