"(Intercept)","pre","I(pre^2)","tmx","I(tmx^2)","df","logLik","AICc","delta","weight","cw","any_u_shaped"
-0.094833548029919,0.0087195415255958,-4.02867344892592e-05,-0.0174634892151423,NA,7,-83.2082218915812,180.466871518417,0,0.676300104784888,0.676300104784888,FALSE
-0.456718297785283,0.0085942231570671,-3.96008300937799e-05,0.0226397491007539,-0.00108952242460977,8,-82.9803120585266,182.025488981918,1.55861746350129,0.310234414574438,0.986534519359326,FALSE
0.127175511806649,0.00294449647387044,NA,-0.0188230358518324,NA,6,-88.5817113636322,189.201226507642,8.73435498922564,0.00858021889066127,0.995114738249987,FALSE
-0.381835785243065,0.00290691852451364,NA,0.0370335720232491,-0.00151663233430716,7,-88.1392778365098,190.328983408274,9.86211188985726,0.00488212694644108,0.999996865196428,FALSE
-0.480198848884753,0.0101132270108851,-4.81140265822999e-05,NA,NA,6,-96.4976433769334,205.033090534245,24.5662190158281,3.13078161486579e-06,0.999999995978043,FALSE
-0.247372027634551,0.00324181991844005,NA,NA,NA,5,-104.16031936708,218.347629287466,37.8807577690494,4.02195697129952e-09,1,FALSE
-1.00947514191247,NA,NA,0.135644597968739,-0.00441166868605325,6,-151.605506939424,315.248817659227,134.78194614081,3.65268078609732e-30,1,FALSE
0.48447706869716,NA,NA,-0.0271460367092492,NA,5,-155.192012662712,320.41101587873,139.944144360313,2.76474206026471e-31,1,FALSE
-0.0264319022504273,NA,NA,NA,NA,4,-186.562230458381,381.142446528273,200.675575009857,1.79470062867253e-44,1,FALSE
