"(Intercept)","pre","I(pre^2)","tmx","I(tmx^2)","df","logLik","AICc","delta","weight","cw","any_u_shaped"
-0.109949299809802,0.00895485596799031,-4.23325872267198e-05,-0.0173916388347239,NA,7,-91.6482604823223,197.346610410083,0,0.656175553740864,0.656175553740864,FALSE
-0.552261946396888,0.00880279391237162,-4.14994193022173e-05,0.031614694944595,-0.00133130408388904,8,-91.3090477793785,198.682525088958,1.33591467887553,0.336457225839302,0.992632779580166,FALSE
0.124944721804758,0.00287857355501267,NA,-0.0188768411406205,NA,6,-97.6587081173284,207.354966525225,10.0083561151417,0.00440284229268178,0.997035621872848,FALSE
-0.473807266958373,0.00283507120273979,NA,0.0468152485512275,-0.00178352319131954,7,-97.0491284346517,208.148346314742,10.8017359046589,0.00296109879275767,0.999996720665605,FALSE
-0.494591253771847,0.0103706094158995,-5.03468925419528e-05,NA,NA,6,-104.861623842999,221.760797976565,24.4141875664821,3.27752925062988e-06,0.999999998194856,FALSE
-0.250353020094079,0.00317140245685614,NA,NA,NA,5,-113.371198950845,236.769207553164,39.4225971430811,1.80514397288632e-09,1,FALSE
-1.07969690697615,NA,NA,0.142178786855336,-0.00458096174735207,6,-157.688417286425,327.414384863417,130.067774453334,3.74249894992381e-29,1,FALSE
0.471695444473842,NA,NA,-0.0268633217988009,NA,5,-161.551204268067,333.129218187608,135.782607777525,2.14882673304768e-30,1,FALSE
-0.0339144570855834,NA,NA,NA,NA,4,-192.417752598756,392.853370315869,195.506759905786,2.30816337473521e-43,1,FALSE
