"(Intercept)","pre","I(pre^2)","tmx","I(tmx^2)","df","logLik","AICc","delta","weight","cw","any_u_shaped"
0.589913886117489,-0.00484118641329514,5.23618861201815e-05,-0.0602381706717722,NA,7,14.9176011542581,-15.7713118350422,0,0.719418825214065,0.719418825214065,TRUE
0.700501727557576,-0.00480242979423025,5.18996723676535e-05,-0.0848170060958311,0.00134357188147863,8,14.9821911925505,-13.8821906042792,1.88912123076306,0.279746289499734,0.999165114713799,TRUE
0.431138797011592,0.000932981150073712,NA,-0.0583335652000521,NA,6,6.75161050003908,-1.45533046416025,14.315981370882,0.000560152065496901,0.999725266779296,FALSE
0.666610199962676,0.000907302128900809,NA,-0.110048411573993,0.00282498730393379,7,7.03692623846564,-0.00996200345723253,15.761349831585,0.000271924393353986,0.99999719117265,TRUE
0.536542088064865,NA,NA,-0.0648564455760363,NA,5,-0.133508351034379,10.3012047362568,26.072516571299,1.56821917508569e-06,0.999998759391825,FALSE
0.917472464295294,NA,NA,-0.149266044122096,0.00462703126816436,6,0.639003930515173,10.7698826748876,26.5411945099298,1.24060817473333e-06,1,TRUE
-0.0209536625779779,-0.00281841747277775,4.11946057939556e-05,NA,NA,6,-38.1202540842223,88.2883987043625,104.059710539405,1.82264781827894e-23,1,TRUE
-0.1314461052989,0.00170445594550881,NA,NA,NA,5,-42.8903110334259,95.8148101010398,111.586121936082,4.23022328063172e-25,1,FALSE
-0.0457010757719952,NA,NA,NA,NA,4,-66.4166009388409,140.855980920962,156.627292756004,7.01128011214463e-35,1,FALSE
