"(Intercept)","pet","I(pet^2)","pre","I(pre^2)","df","logLik","AICc","delta","weight","cw"
-6.02433283712962,2.76091036162295,-0.324416551581348,0.00384074116702302,NA,7,-2.12233359526999,18.306993289594,0,0.62039524860255,0.62039524860255
-6.59069121827098,3.02659787527867,-0.354341730551331,0.00233738647878383,2.2841187809388e-05,8,-1.91556206938185,19.9113023124831,1.60430902288911,0.278161605968532,0.898556854571082
0.411514665704874,-0.130543050383728,NA,0.00380848889256372,NA,6,-5.26799738069258,22.5827133375809,4.27572004798697,0.0731488750501764,0.971705729621258
0.401694233828305,-0.130172915683755,NA,0.00435027792355795,-8.21536841780125e-06,7,-5.23790951435694,24.5381451277679,6.2311518381739,0.0275163632113711,0.999222092832629
-0.209460176279363,NA,NA,0.00493532376785733,NA,5,-11.149621097421,32.3325940569876,14.0256007673937,0.000558531863024386,0.999780624695654
-0.221973052901969,NA,NA,0.00577148824990152,-1.27543146684416e-05,6,-11.0774675280618,34.2016536323193,15.8946603427254,0.000219374843381471,0.999999999539035
-4.85904302453722,2.43926331645765,-0.304670645374822,NA,NA,6,-24.3193052204506,60.6853290170969,42.378335727503,3.89340680568317e-10,0.999999999928376
1.17900347251709,-0.275054972480943,NA,NA,NA,5,-27.0190105900638,64.0713730422732,45.7643797526792,7.16241804887511e-11,1
-0.0550197810376357,NA,NA,NA,NA,4,-64.0990839252518,136.220390072726,117.913396783132,1.5420543484792e-26,1
