"(Intercept)","pre","I(pre^2)","tmx","I(tmx^2)","df","logLik","AICc","delta","weight","cw","any_u_shaped"
0.566507293020766,-0.00378493795057967,4.60679671899335e-05,-0.063888602365418,NA,7,51.7972215876612,-89.5299270462901,0,0.685216630829201,0.685216630829201,TRUE
0.364916899185275,-0.0038431886160648,4.68362104062586e-05,-0.0191914279510398,-0.00244566589959873,8,52.0171044350841,-87.9512117520126,1.57871529427752,0.311181825893231,0.996398456722432,TRUE
0.426956001137227,0.00130670768866153,NA,-0.0623544818825169,NA,6,45.2149860142099,-78.3816127883507,11.1483142579394,0.00260017281124447,0.998998629533677,FALSE
0.325958352397476,0.00131990992475294,NA,-0.0402038305820826,-0.0012113086421464,7,45.2688433490075,-76.4731705689828,13.0567564773073,0.00100135771986616,0.999999987253543,FALSE
0.570288525325852,NA,NA,-0.0706666899715337,NA,5,31.6353544367876,-53.2361864339894,36.2937406123007,9.01036237007308e-09,0.999999996263905,FALSE
0.722290709427642,NA,NA,-0.104360241670628,0.00184954542048685,6,31.7619384253039,-51.4755176105388,38.0544094357513,3.73609473634906e-09,1,TRUE
-0.0732935450859102,-0.00177858108044457,3.50256940570255e-05,NA,NA,6,-9.86045550243307,31.7692702449352,121.299197291225,3.13358784330567e-27,1,TRUE
-0.168275623238727,0.00207828488205167,NA,NA,NA,5,-13.4117602309248,36.8580429014352,126.387969947725,2.46053151260333e-28,1,FALSE
-0.0579326792540852,NA,NA,NA,NA,4,-47.6316638655771,103.286329456284,192.816256502574,9.25358002267913e-43,1,FALSE
