"(Intercept)","pet","I(pet^2)","pre","I(pre^2)","df","logLik","AICc","delta","weight","cw"
-0.0926751009972019,-0.0978876074961484,NA,0.02323749183824,-0.000233144518243854,7,36.4434407545514,-58.8245554100488,0,0.45003880617925,0.45003880617925
-0.128877870460042,-0.0808635630889347,-0.0019821700690471,0.023213415350794,-0.000232706787431964,8,36.4434891569763,-56.8068001402332,2.01775526981558,0.16409674789782,0.614135554077071
0.108146050505794,-0.0998152263206607,NA,0.00954978817991509,NA,6,34.3193255108799,-56.5919324455641,2.23262296448468,0.147381186033378,0.761516740110449
-0.552960767593668,NA,NA,0.0248876886531239,-0.000238045340538332,6,34.178478558817,-56.3102385414382,2.51431686861054,0.128018576295067,0.889535316405516
-2.53649910008183,1.13124975475367,-0.143306823959286,0.00966707850928173,NA,7,34.6108346785877,-55.1593432581214,3.66521215192734,0.0720044367781665,0.961539753183682
-0.357089354764414,NA,NA,0.0109396526741416,NA,5,31.9692449787181,-53.9051380952905,4.91941731475831,0.0384602468163175,1
1.58187170354459,-0.382814565047909,NA,NA,NA,5,-10.2249566875325,30.4832652372107,89.3078206472595,1.82097135866992e-20,1
3.9648429724111,-1.49656399314525,0.130017498653186,NA,NA,6,-9.99281892845374,32.0323564331033,90.856911843152,8.39309687438017e-21,1
-0.0550197810376357,NA,NA,NA,NA,4,-64.0990839252518,136.220390072726,195.044945482774,1.99424352580876e-43,1
