"(Intercept)","pet","I(pet^2)","pre","I(pre^2)","df","logLik","AICc","delta","weight","cw","any_u_shaped"
0.470686035140741,-0.214291183960419,NA,0.0207121790869726,-0.000210132642311731,7,42.5311455362489,-70.9999649734439,0,0.487421363695128,0.487421363695128,FALSE
0.670973394797069,-0.220156121357076,NA,0.00833014514689271,NA,6,40.7973478152635,-69.5479770543312,1.45198791911264,0.235835614272586,0.723256977967714,FALSE
0.830123298604926,-0.380632102486844,0.0191165759184494,0.0208724347916684,-0.000212989569090972,8,42.5340864672526,-68.9879947607858,2.0119702126581,0.178242300936058,0.901499278903772,TRUE
-1.6226297661245,0.833805049484151,-0.12106748934284,0.00838137189110861,NA,7,40.927915368713,-67.793504638372,3.20646033507182,0.0980913124602305,0.999590591364003,FALSE
-0.552960767593668,NA,NA,0.0248876886531239,-0.000238045340538332,6,34.178478558817,-56.3102385414382,14.6897264320056,0.000314826292760199,0.999905417656763,FALSE
-0.357089354764414,NA,NA,0.0109396526741416,NA,5,31.9692449787181,-53.9051380952905,17.0948268781534,9.45823432367764e-05,1,FALSE
2.11571845929526,-0.499945479880798,NA,NA,NA,5,5.5665215409399,-1.09969121973417,69.9002737537097,3.23037524126704e-16,1,FALSE
3.68304705223084,-1.22178891825473,0.0830531371463798,NA,NA,6,5.62592046257851,0.79487765103876,71.7948426244826,1.25271584299624e-16,1,TRUE
-0.0550197810376357,NA,NA,NA,NA,4,-64.0990839252518,136.220390072726,207.22035504617,4.90429056674014e-46,1,FALSE
