"(Intercept)","pet","I(pet^2)","pre","I(pre^2)","df","logLik","AICc","delta","weight","cw"
-17.3062472601111,7.7845581249699,-0.912496759171523,0.0145231534924803,NA,7,-562.97354943865,1140.0095988773,0,0.565134098093094,0.565134098093094
-15.4993829444326,6.86869294113006,-0.805594735192529,0.0254747802897679,-0.000188811567447977,8,-562.3781881403,1140.83677829065,0.82717941334954,0.37370747466401,0.938841572757104
-1.01816317043539,NA,NA,0.0359356491986423,-0.000367303667014391,6,-566.831243254373,1145.70933536541,5.69973648810901,0.0326941054664209,0.971535678223525
-0.75599151730193,-0.0552978383880813,NA,0.0348096931164332,-0.000360923553655882,7,-566.454234275086,1146.97096855017,6.96136967287202,0.0173983993099369,0.988934077533462
-0.717433093003451,NA,NA,0.0145295651347003,NA,5,-569.38126830401,1148.79598142407,8.78638254677185,0.00698574588867933,0.995919823422141
-0.430724199699697,-0.0617029057244117,NA,0.0136880953373603,NA,6,-568.912297788695,1149.87144443405,9.861845556753,0.00408017657785882,1
-6.72682954189397,3.43715156918593,-0.452848471481908,NA,NA,6,-613.450812240219,1238.9484733371,98.9388744598027,1.85288258731011e-22,1
1.58684960846196,-0.445115697563803,NA,NA,NA,5,-614.865052547696,1239.76354991145,99.7539510341446,1.23269680605656e-22,1
-0.311943120732751,NA,NA,NA,NA,4,-651.240193801231,1310.50267172502,170.493072847723,5.37095039769919e-38,1
