"(Intercept)","pet","I(pet^2)","pre","I(pre^2)","df","logLik","AICc","delta","weight","cw","any_u_shaped"
-17.7923343327396,7.83938491363807,-0.910602801770008,0.0268546612746285,-0.000223267230220584,8,-259.10660324037,534.297122564656,0,0.509886817893891,0.509886817893891,FALSE
-20.1633912728644,9.02232978767462,-1.04743419869146,0.0138031778523203,NA,7,-260.234837748066,534.534905548549,0.237782983893226,0.452730616684681,0.962617434578572,FALSE
-1.07227557647126,NA,NA,0.0362109089079466,-0.000373294108146811,6,-264.489589430983,541.028072924831,6.73095036017446,0.0176143444437369,0.980231779022309,FALSE
-0.657660895286783,-0.0861094913504263,NA,0.0342340683047157,-0.000356154504921648,7,-263.559215344997,541.18366074241,6.88653817775401,0.0162960001236778,0.996527779145987,FALSE
-0.300851004767116,-0.100082744219917,NA,0.01331214264446,NA,6,-266.687517003882,545.423928070627,11.1268055059708,0.00195577399880841,0.998483553144796,FALSE
-0.766422364519231,NA,NA,0.0144484034220878,NA,5,-267.948928047581,545.932760109124,11.6356375444682,0.00151644685520447,1,FALSE
-10.7119765344457,5.2786482577873,-0.666546663690304,NA,NA,6,-323.360910478065,658.770715018994,124.473592454337,4.76844317429868e-28,1,FALSE
1.87643138292977,-0.516678265052557,NA,NA,NA,5,-325.798966527911,661.632837069783,127.335714505127,1.13992086995697e-28,1,FALSE
-0.363197543107477,NA,NA,NA,NA,4,-372.568992711177,753.161241236307,218.864118671651,1.51961744809634e-48,1,FALSE
