"(Intercept)","pet","I(pet^2)","pre","I(pre^2)","df","logLik","AICc","delta","weight","cw"
-15.3299000318559,6.56344141829093,-0.719776093019339,-0.00176194745454672,0.00012300940837407,8,-539.248646982321,1094.57774089202,0,0.89637231153413,0.89637231153413
-12.7502189118401,5.34028500658038,-0.581585521860191,0.00635522699971504,NA,7,-542.42830780269,1098.91915050209,4.34140961007029,0.10227354607742,0.998645857611549
-1.24259588293479,0.163471792996739,NA,0.00628065524233346,NA,6,-548.401201933038,1108.84927886608,14.2715379740594,0.000713613960735956,0.999359471572285
-1.16564622666082,0.160035955098838,NA,0.00223209068063044,6.12186669958682e-05,7,-547.537952371983,1109.13843964067,14.560698748656,0.000617551062621466,0.999977022634907
-0.396275884090731,NA,NA,0.00034129942250381,6.88172934060248e-05,6,-552.491807062851,1117.0304891257,22.4527482336862,1.19381244581924e-05,0.999988960759365
-0.464390266592286,NA,NA,0.00485885890233198,NA,5,-553.576793588119,1117.18705064529,22.6093097532694,1.10392406334471e-05,0.999999999999998
-10.7407584373106,4.76529268044007,-0.543310969978248,NA,NA,6,-575.182419333875,1162.41171366775,67.8339727757348,1.66927697068891e-15,1
-0.00410455924699922,-0.0682795384116658,NA,NA,NA,5,-580.179880304206,1170.39322407746,75.8154831854417,3.08578339567133e-17,1
-0.310271804660343,NA,NA,NA,NA,4,-581.459740139844,1170.94177682372,76.3640359317083,2.34557175043428e-17,1
