"(Intercept)","pre","I(pre^2)","tmx","I(tmx^2)","df","logLik","AICc","delta","weight","cw","any_u_shaped"
0.239688446418076,-0.000578512578342795,2.32205238313127e-05,-0.0655122054225485,NA,7,-273.892247963428,561.853717187672,0,0.287647763009488,0.287647763009488,TRUE
0.169456380089687,0.00198500925503438,NA,-0.0648607284072808,NA,6,-274.910693221876,561.87327032269,0.0195531350179863,0.284849257415406,0.572497020424894,FALSE
-0.254915403753993,-0.00075003482297333,2.53613634907944e-05,0.0439396145395393,-0.00596968522577681,8,-273.087246315307,562.263546433953,0.409829246281561,0.234351485547121,0.806848505972015,TRUE
-0.268444521528947,0.00204165972628135,NA,0.0308433721817007,-0.00521699621321883,7,-274.290509855769,562.650240972353,0.796523784681085,0.193151488235584,0.999999994207599,FALSE
0.385234330282709,NA,NA,-0.0776381924124285,NA,5,-293.942253205226,597.92154344749,36.0678262598179,4.23479158574944e-09,0.999999998442391,FALSE
0.338513174171892,NA,NA,-0.0673209022755721,-0.000564562320832441,6,-293.935011718596,599.92190731613,38.0681901284586,1.55760935366387e-09,1,FALSE
-0.448896400062705,0.00280518900293607,NA,NA,NA,5,-314.474925337699,638.986887712435,77.1331705247634,5.1239612370582e-18,1,FALSE
-0.411295441892434,0.00130416312052254,1.3640159253854e-05,NA,NA,6,-314.140450506049,640.332784891036,78.4790677033641,2.61425517682672e-18,1,FALSE
-0.304438364556468,NA,NA,NA,NA,4,-353.175681094966,714.37603831578,152.522321128109,2.18303040436622e-34,1,FALSE
