"(Intercept)","pre","I(pre^2)","tmx","I(tmx^2)","df","logLik","AICc","delta","weight","cw","any_u_shaped"
-0.500211253971674,-0.000640557117494321,2.38260365449008e-05,0.0851683798906913,-0.00825396263768028,8,-288.397786022271,592.879488128458,0,0.329444489263511,0.329444489263511,TRUE
-0.512269746552851,0.00198622235250918,NA,0.0727375726640565,-0.00754579674914727,7,-289.498185659488,593.061601371393,0.18211324293577,0.300771622842821,0.630216112106332,FALSE
0.121348978089758,0.00190015323908399,NA,-0.0656939490603677,NA,6,-290.911792131027,593.872478324917,0.992990196459573,0.200519755268476,0.830735867374808,FALSE
0.183507531588995,-0.00038971212953801,2.0706413639648e-05,-0.0661813499523416,NA,7,-290.073076570948,594.211383194313,1.33189506585575,0.169264120341278,0.999999987716086,TRUE
0.331146491080298,NA,NA,-0.0783150427457375,NA,5,-308.905673766768,627.846251547498,34.9667634190407,8.41096926292803e-09,0.999999996127055,FALSE
0.0786924290359807,NA,NA,-0.0225504281879536,-0.00305228193847264,6,-308.674200312198,629.397294687259,36.5178065588015,3.87294480305928e-09,1,FALSE
-0.505942091683631,0.0027712798132025,NA,NA,NA,5,-333.358567516185,676.752039046332,83.8725509178746,2.01878107105974e-19,1,FALSE
-0.471404594014661,0.00139978562193744,1.24370116064542e-05,NA,NA,6,-333.071144629658,678.191183322179,85.3116951937217,9.8306676764593e-20,1,FALSE
-0.363197543107477,NA,NA,NA,NA,4,-372.568992711177,753.161241236307,160.281753107849,5.16466057999352e-36,1,FALSE
