"(Intercept)","pre","I(pre^2)","tmx","I(tmx^2)","df","logLik","AICc","delta","weight","cw","any_u_shaped"
-2.6305041815252,0.0212680173358591,-0.000113862773036,0.161247529490698,-0.00463013582333589,8,-570.988820371593,1158.04637582672,0,0.715024225610368,0.715024225610368,FALSE
-1.10048403440474,0.0218782461855795,-0.000117328190007538,-0.00885901086030751,NA,7,-573.245657271754,1160.54474965801,2.49837383129375,0.205024504972496,0.920048730582864,FALSE
-1.29764988389985,0.0226794350217256,-0.000121993790755073,NA,NA,6,-575.194058411575,1162.42817404776,4.38179822103803,0.0799512691598463,0.99999999974271,FALSE
-2.4727409560546,0.0048553742884818,NA,0.210118861274187,-0.00607808574843092,7,-593.801737290318,1201.65690969514,43.6105338684217,2.42333609099786e-10,0.999999999985044,FALSE
-0.438552590469533,0.00500205535854427,NA,-0.0133601298724224,NA,6,-597.626717658758,1207.29349254212,49.2471167154049,1.44692238889841e-11,0.999999999999513,FALSE
-0.701500837645833,0.00520230471854222,NA,NA,NA,5,-602.023718671642,1214.07603600868,56.0296601819623,4.87118514159444e-13,1,FALSE
-3.47638801644872,NA,NA,0.36841267055923,-0.0107135599953682,6,-684.81168339425,1381.66342401311,223.61704818639,1.97922748329822e-49,1,FALSE
0.139498612904361,NA,NA,-0.0261949297844943,NA,5,-695.683601884418,1401.39580243423,243.349426607514,1.02722169067101e-53,1,FALSE
-0.349458257957567,NA,NA,NA,NA,4,-711.240997361544,1430.50105141675,272.454675590034,4.91518272410958e-60,1,FALSE
