"(Intercept)","pre","I(pre^2)","tmx","I(tmx^2)","df","logLik","AICc","delta","weight","cw"
-0.984569785929568,0.0470633117014874,-0.000520708829523299,NA,NA,6,-270.538798039554,553.154029200127,0,0.509710458722342,0.509710458722342
-1.00543193921418,0.0470574884481342,-0.000519417550461727,0.00104947022133053,NA,7,-270.531329846909,555.164663336805,2.01063413667748,0.186517630507039,0.696228089229381
-4.14389443465783,0.0409659652525309,-0.000418975443883035,0.34185287031573,-0.0089724939569415,8,-269.649667553663,555.430602199395,2.27657299926773,0.163294666201919,0.8595227554313
-5.44499279122456,0.0159577861328128,NA,0.516482935270266,-0.0135488958015992,7,-271.524227797659,557.150459238304,3.99643003817732,0.0691050504715291,0.928627805902829
-0.536430024556438,0.0159750429265705,NA,NA,NA,5,-273.83470745392,557.723960362386,4.56993116225863,0.0518770894023338,0.980504895305163
-0.582173076286371,0.0161234108293853,NA,0.00218477875900167,NA,6,-273.802477483295,559.68138808761,6.52735888748248,0.0194951046948372,1
-5.53263507377136,NA,NA,0.609216095719757,-0.0169048585503117,6,-323.401503528745,658.879440178509,105.725410978382,5.61490292870856e-24,1
0.548990154574075,NA,NA,-0.032914993289865,NA,5,-326.579106186231,663.212757827006,110.058728626879,6.4324183319542e-25,1
-0.0755153010911615,NA,NA,NA,NA,4,-334.195074380853,676.426479370244,123.272450170117,8.6906268933107e-28,1
