"(Intercept)","pre","I(pre^2)","tmx","I(tmx^2)","df","logLik","AICc","delta","weight","cw","any_u_shaped"
-0.680268576262051,0.00249593056763072,NA,-0.0748437509145091,NA,6,-1187.73409610116,2387.53226542886,0,0.487299621922874,0.487299621922874,FALSE
-1.19769548822551,0.00256396341774173,NA,0.0382744912676609,-0.00616527126436334,7,-1187.63331594044,2389.35212806409,1.81986263523186,0.196163374691963,0.683462996614837,FALSE
-0.71606950946874,0.00373375413897984,-1.12212683422125e-05,-0.0742891367961387,NA,7,-1187.70262056456,2389.49073731233,1.95847188347443,0.183028747789704,0.866491744404541,FALSE
-1.20212284626068,0.00357617401249049,-9.20577489212691e-06,0.0332764213891779,-0.00586805779200649,8,-1187.61236365075,2391.33473494092,3.80246951206209,0.0727947922747921,0.939286536679333,FALSE
-0.414538791261281,NA,NA,-0.0901723855584514,NA,5,-1191.16497994386,2392.37569159503,4.84342616617414,0.0432573037044984,0.982543840383832,FALSE
-0.448710992171135,NA,NA,-0.0826237188438595,-0.000412947843961768,6,-1191.16451888867,2394.39311100388,6.86084557502727,0.0157754729107818,0.998319313294614,FALSE
-1.40100680049456,0.00355568521708231,NA,NA,NA,5,-1194.78955801406,2399.62484773543,12.0925823065745,0.0011532545867669,0.99947256788138,FALSE
-1.48224963217956,0.00683626498285831,-2.99294301478046e-05,NA,NA,6,-1194.56604793691,2401.19616910036,13.6639036715023,0.000525674719376101,0.999998242600757,FALSE
-1.21671844951153,NA,NA,NA,NA,4,-1202.28369986127,2412.59786430747,25.0655988786111,1.75739924358885e-06,1,FALSE
