"(Intercept)","pre","I(pre^2)","tmx","I(tmx^2)","df","logLik","AICc","delta","weight","cw","any_u_shaped"
-2.12604818692988,0.0282713833587868,-0.000150460994029841,-0.0148075556022723,NA,7,-2297.31208934903,4608.66595415497,0,0.502114505991023,0.502114505991023,FALSE
-2.46322498633832,0.0298395124939971,-0.000159937256187418,NA,NA,6,-2298.78705533501,4609.60543058053,0.939476425557586,0.313904870710452,0.816019376701474,FALSE
-2.20858822428424,0.0282319522520159,-0.000150215611758157,-0.00565828252734168,-0.000247813241376655,8,-2297.31037434365,4610.67448003059,2.00852587562076,0.183931840230989,0.999951216932463,FALSE
-1.26635635325133,0.00675210925348607,NA,-0.0216887040457675,NA,6,-2308.00291286889,4628.0371456483,19.3711914933247,3.12177775428315e-05,0.999982434710006,FALSE
-2.2045654269467,0.00670416283961081,NA,0.0806961696032787,-0.00276983704733462,7,-2307.78745277737,4629.61668101167,20.9507268566958,1.41713177323489e-05,0.999996606027738,FALSE
-1.69328352321012,0.00707133252788426,NA,NA,NA,5,-2311.22637804253,4632.47511911152,23.8091649565449,3.39397226150229e-06,1,FALSE
-3.00485928940426,NA,NA,0.233564140576086,-0.0073328435600846,6,-2355.29264918008,4722.61661827068,113.950664115704,9.05170623572484e-26,1,FALSE
-0.505198454215507,NA,NA,-0.0378755383025906,NA,5,-2356.7675854885,4723.55753400347,114.891579848498,5.65474721759749e-26,1,FALSE
-1.21287414042198,NA,NA,NA,NA,4,-2366.56337268367,4741.14164849701,132.475694342034,8.59154459586092e-30,1,FALSE
