"(Intercept)","pet","I(pet^2)","pre","I(pre^2)","df","logLik","AICc","delta","weight","cw"
-1.44085362577253,NA,NA,0.00705401514121321,NA,5,-1193.24380384472,2396.53333939675,0,0.406038710118286,0.406038710118286
-1.95592939930693,0.108291616716171,NA,0.00802360413797978,NA,6,-1192.88961707932,2397.84330738518,1.3099679884308,0.210916960938455,0.616955671056741
-1.49753557473864,NA,NA,0.0107909317319415,-5.62121518310129e-05,6,-1193.14566533442,2398.35540389538,1.82206449862497,0.163271792506278,0.78022746356302
3.14986180209592,-2.18490859137699,0.257270709253074,0.00796976172614854,NA,7,-1192.73713286193,2399.55976190706,3.02642251030511,0.0894104213255741,0.869637884888594
-2.05094515169594,0.114236397291074,NA,0.0124768618612376,-6.61868916237425e-05,7,-1192.75456274029,2399.59462166379,3.06128226703322,0.0878655114647243,0.957503396353318
5.0939490987461,-3.11125015254472,0.362161369825587,0.0143950638611615,-9.58204373109363e-05,8,-1192.47944383581,2401.06889531105,4.5355559142954,0.042042059885149,0.999545456238467
-0.390850240332007,-0.184680148350733,NA,NA,NA,5,-1200.77328797813,2411.59230766358,15.0589682668278,0.000218048964582232,0.999763505203049
-1.21671844951153,NA,NA,NA,NA,4,-1202.28369986127,2412.59786430747,16.0645249107165,0.000131886449827711,0.999895391652877
6.48420845847385,-3.27624953902996,0.347137643744129,NA,NA,6,-1200.4986135154,2413.06130025735,16.5279608605997,0.000104608347122986,1
