"(Intercept)","pet","I(pet^2)","pre","I(pre^2)","df","logLik","AICc","delta","weight","cw","any_u_shaped"
-2.4443501490262,NA,NA,0.066313521982221,-0.000772489927228853,6,-1172.39419958453,2356.85247239561,0,0.3945232210186,0.3945232210186,FALSE
-1.81791393262765,NA,NA,0.0214497685187975,NA,5,-1174.14417368728,2358.33407908187,1.48160668626497,0.188081364165537,0.582604585184137,FALSE
-2.08971321386019,-0.0732433197230331,NA,0.0644765247729404,-0.00075538620978958,7,-1172.3047887362,2358.69507365561,1.84260126000163,0.157020657079876,0.739625242264013,FALSE
-26.269906147388,11.360373762737,-1.31774742140943,0.0209196182473573,NA,7,-1172.85408240767,2359.79366099854,2.94118860292974,0.0906570493799379,0.830282291643951,FALSE
-18.4254487045852,7.49573287476338,-0.870669609612665,0.0567632143865605,-0.000616102043451465,8,-1171.87662537971,2359.86325839885,3.01078600324036,0.0875565612515314,0.917838852895482,FALSE
-1.33477989636408,-0.103838373990518,NA,0.0202529016434788,NA,6,-1173.96319523183,2359.9904636902,3.13799129458948,0.082161132791782,0.999999985687264,FALSE
1.75159037631754,-0.685571450732881,NA,NA,NA,5,-1190.92047433432,2391.88668037595,35.0342079803459,9.73847532807475e-09,0.99999999542574,FALSE
-10.1877533604941,4.81697505864627,-0.633550483307939,NA,NA,6,-1190.66701087334,2393.39809497323,36.5456225776188,4.57395048216922e-09,0.99999999999969,FALSE
-1.21671844951153,NA,NA,NA,NA,4,-1202.28369986127,2412.59786430747,55.7453919118607,3.09823617718381e-13,1,FALSE
