"(Intercept)","pre","I(pre^2)","tmx","I(tmx^2)","df","logLik","AICc","delta","weight","cw"
-0.694556124027078,0.0436344225378171,-0.000524608400145619,NA,NA,6,-37.881735052933,87.8438528809856,0,0.54544656849658,0.54544656849658
-3.69961781086836,0.0383678909213347,-0.00043903055487949,0.326607144398988,-0.00862746675600919,8,-36.7619962124759,89.6620557039546,1.81820282296906,0.219752835415654,0.765199403912234
-0.671485621721468,0.0436305220564751,-0.000525909902694319,-0.00114885298324825,NA,7,-37.8697851327511,89.8468499589887,2.00299707800316,0.200358109289932,0.965557513202165
-5.14130633881658,0.0122934297580897,NA,0.517319187576167,-0.0136246199893541,7,-40.013576479289,94.1344326520646,6.29057977107898,0.0234838973079924,0.989041410510158
-0.248422773647453,0.0124751065457961,NA,NA,NA,5,-43.1109077336182,96.2791768439095,8.43532396292387,0.00803609179147164,0.99707750230163
-0.248985575618515,0.0124770000452101,NA,2.67373496834178e-05,NA,6,-43.1109012770062,98.302185329132,10.4583324481464,0.00292249769837044,1
-5.27682792880741,NA,NA,0.598499092751968,-0.0165360501155518,6,-82.7832461279968,177.646875031113,89.8030221501276,1.72295416738143e-20,1
0.677371072817771,NA,NA,-0.0298661294536857,NA,5,-86.8997678287569,183.856897034187,96.0130441532013,7.72297414020363e-22,1
0.10959404329394,NA,NA,NA,NA,4,-95.507047391658,199.052299176821,111.208446295836,3.87386899844322e-25,1
