"(Intercept)","pet","I(pet^2)","pre","I(pre^2)","df","logLik","AICc","delta","weight","cw"
-30.3007292659795,13.4257160482902,-1.58004499569115,0.0210346377641243,NA,7,-1171.32317424625,2356.73184467571,0,0.2676898787273,0.2676898787273
-2.4443501490262,NA,NA,0.066313521982221,-0.000772489927228853,6,-1172.39419958453,2356.85247239561,0.120627719894856,0.252021721846085,0.519711600573385
-24.9935618745423,10.761440197655,-1.26851785126742,0.0487023760196633,-0.000478905924328714,8,-1170.74479234201,2357.59959232343,0.867747647721899,0.173461438410646,0.693173038984031
-1.8751336422297,-0.119856441569609,NA,0.0637429564933026,-0.00075567901895403,7,-1172.09982579948,2358.28514778216,1.55330310644331,0.123122228343643,0.816295267327674
-1.81791393262765,NA,NA,0.0214497685187975,NA,5,-1174.14417368728,2358.33407908187,1.60223440615982,0.120146512851076,0.93644178017875
-1.19320530420308,-0.134757711456064,NA,0.0196555214056483,NA,6,-1173.77175939135,2359.60759200925,2.8757473335404,0.0635581652467783,0.999999945425529
1.5668561430035,-0.653021708036038,NA,NA,NA,5,-1189.2982299008,2388.64219150891,31.9103468331973,3.15056307212141e-08,0.999999976931159
-13.8259675519007,6.5467080915067,-0.841147762010933,NA,NA,6,-1188.60075119227,2389.26557561109,32.5337309353758,2.30686425927531e-08,0.999999999999802
-1.21671844951153,NA,NA,NA,NA,4,-1202.28369986127,2412.59786430747,55.8660196317555,1.97915553371923e-13,1
