"(Intercept)","pet","I(pet^2)","pre","I(pre^2)","df","logLik","AICc","delta","weight","cw"
0.110110076417424,-0.294536558684497,NA,0.0269429018373465,-0.00035157723506987,7,450.000389625142,-885.958128831396,0,0.731856545779577,0.731856545779577
0.197208799088063,-0.335517245133081,0.00477458659067354,0.0270005733529194,-0.000352625561000403,8,450.000936379397,-883.947015615937,2.01111321545898,0.267743092671186,0.999599638450763
-3.40317865148399,1.48014648932385,-0.20703891723198,0.00647683145261945,NA,7,441.877117535947,-869.711584653006,16.2465441783897,0.000217036970247185,0.99981667542101
0.412784838556624,-0.297233804531927,NA,0.00630981364313868,NA,6,440.702970673929,-869.37396571025,16.5841631211463,0.000183324578989807,1
-1.27152913837301,NA,NA,0.0317652261632638,-0.000365227032292347,6,409.520500284953,-807.009024932297,78.9491038990984,5.25830622483822e-18,1
1.36397179986329,-0.478688915121473,NA,NA,NA,5,401.801789038829,-793.58074702743,92.3773818039658,6.38164110618603e-21,1
0.969347190579408,-0.29416141920168,-0.0215530322710618,NA,NA,6,401.814387609419,-791.596799581229,94.361329250167,2.36659347265542e-21,1
-0.970141853329236,NA,NA,0.01036961141496,NA,5,399.839955792464,-789.6570805347,96.3010482966961,8.97261479080608e-22,1
-0.680365959490832,NA,NA,NA,NA,4,241.549109254861,-475.083003599109,410.875125232286,4.40581382841772e-90,1
