"(Intercept)","pet","I(pet^2)","pre","I(pre^2)","df","logLik","AICc","delta","weight","cw","any_u_shaped"
0.403665915302718,-0.351036459125744,NA,0.0249272396930798,-0.000318047377119915,7,453.799644669435,-893.556638919982,0,0.713140116153128,0.713140116153128,FALSE
1.82646529091436,-1.00975509227527,0.0757348143471534,0.0255633017892943,-0.000329405188099941,8,453.88998791171,-891.725118680562,1.83152023941977,0.285407446953354,0.998547563106482,TRUE
0.707710249423742,-0.359957785793623,NA,0.00619160995019561,NA,6,446.186240175633,-880.340504713656,13.2161342063266,0.000962338339669277,0.999509901446151,FALSE
-1.90743605645722,0.8421992844493,-0.138148816751643,0.00625181358802815,NA,7,446.516817974186,-878.990985529484,14.5656533904985,0.000490098553848714,1,FALSE
-1.27152913837301,NA,NA,0.0317652261632638,-0.000365227032292347,6,409.520500284953,-807.009024932297,86.5476139876848,1.14709471556167e-19,1,FALSE
1.75294380789588,-0.56110331717053,NA,NA,NA,5,407.569649042248,-805.116467034267,88.4401718857148,4.45282423978749e-20,1,FALSE
2.15874395930104,-0.748069168044742,0.0215206770753355,NA,NA,6,407.577501272294,-803.123026906979,90.4336120130031,1.6434841858694e-20,1,TRUE
-0.970141853329236,NA,NA,0.01036961141496,NA,5,399.839955792464,-789.6570805347,103.899558385282,1.95736774756224e-23,1,FALSE
-0.680365959490832,NA,NA,NA,NA,4,241.549109254861,-475.083003599109,418.473635320873,9.61124275428057e-92,1,FALSE
