"(Intercept)","pre","I(pre^2)","tmx","I(tmx^2)","df","logLik","AICc","delta","weight","cw","any_u_shaped"
-0.361901517745016,-0.00483861459243635,5.15702304229095e-05,0.0244181754474316,-0.00545532146240636,8,465.295103340567,-914.535349538277,0,0.770600002754856,0.770600002754856,TRUE
0.0856691339315389,-0.00465033757253821,4.94092791305213e-05,-0.0752458920741993,NA,7,463.077296091265,-912.111941763641,2.42340777463585,0.229399620057439,0.999999622812295,TRUE
-0.377227059045026,0.000845998874150514,NA,-0.00478601744610975,-0.00376559378574433,7,449.091656438698,-884.140662458508,30.3946870797689,1.93511405492571e-07,0.9999998163237,FALSE
-0.0637793389821848,0.000811079889631519,NA,-0.0736286299609093,NA,6,448.03406871474,-884.036161791871,30.4991877464064,1.83659981329623e-07,0.999999999983682,FALSE
0.0272512447050757,NA,NA,-0.0791795116862635,NA,5,437.292319061412,-864.561807072596,49.9735424656814,1.08445650764371e-11,0.999999999994526,FALSE
-0.142461206203861,NA,NA,-0.0415649057111659,-0.00206462693775762,6,437.613154902931,-863.194334168253,51.3410153700235,5.47355102496682e-12,1,FALSE
-0.670375900042076,-0.00231662865571739,3.71537741677464e-05,NA,NA,6,297.312947553693,-582.593919469776,331.941430068501,6.40712665766412e-73,1,TRUE
-0.77108246291317,0.0017739353053684,NA,NA,NA,5,289.878821060671,-569.734811071113,344.800538467164,1.03357833980591e-75,1,FALSE
-0.680365959490832,NA,NA,NA,NA,4,241.549109254861,-475.083003599109,439.452345939167,2.89044397423911e-96,1,FALSE
