"(Intercept)","pet","I(pet^2)","pre","I(pre^2)","df","logLik","AICc","delta","weight","cw"
0.47320531941141,-0.27640465964986,NA,0.00270010836024211,NA,6,400.920145343085,-789.808315048561,0,0.490763292911721,0.490763292911721
-0.883957311021588,0.333637752182605,-0.0684808663262082,0.00270745744054704,NA,7,401.208827560643,-788.375004702398,1.4333103461629,0.239680490460346,0.730443783372068
0.472177976567883,-0.276357555175797,NA,0.00275382734387152,-8.09666968635464e-07,7,400.92072436955,-787.798798320212,2.00951672834867,0.179684683340625,0.910128466712692
-1.01413585692972,0.395043059462218,-0.0754108291877305,0.00233378992768774,5.64322656353195e-06,8,401.234005412603,-786.413153682348,3.39516136621285,0.0898715327409505,0.999999999453643
1.01120633237416,-0.377345735310444,NA,NA,NA,5,378.936856556757,-747.850882063287,41.9574329852742,3.80129226265863e-10,0.999999999833772
-0.0616534545925939,0.105205662433589,-0.0541936240378632,NA,NA,6,379.114279405291,-746.196583172973,43.6117318755878,1.66228245838348e-10,1
-0.841847653832839,NA,NA,0.00509617828444573,NA,5,348.197291576801,-686.371752103374,103.436562945187,1.69788321408155e-23,1
-0.855296428406386,NA,NA,0.00598888593213931,-1.35577416915171e-05,6,348.352775219866,-684.673574802123,105.134740246438,7.26362306686122e-24,1
-0.680365959490832,NA,NA,NA,NA,4,241.549109254861,-475.083003599109,314.725311449451,2.23428738227206e-69,1
