"(Intercept)","pre","I(pre^2)","tmx","I(tmx^2)","df","logLik","AICc","delta","weight","cw","any_u_shaped"
-1.46268750200047,0.0102157774375491,-4.82988369779299e-05,0.0628873462097636,-0.00255448552377191,8,308.472553917657,-600.900456672523,0,0.783469940219559,0.783469940219559,FALSE
-0.614732393170615,0.0105130058352589,-4.99446243300528e-05,-0.0311085536214794,NA,7,306.181574911239,-598.328431905554,2.57202476696966,0.216528095752229,0.999998035971789,FALSE
-1.37371305721723,0.00327194086879736,NA,0.0809291272145373,-0.00309035337399282,7,294.478833672159,-574.922949427394,25.9775072451293,1.79092877043458e-06,0.999999826900559,FALSE
-0.336789985178906,0.00334578687435038,NA,-0.0328548606555993,NA,6,291.137866499605,-570.249702630446,30.6507540420778,1.7309944084956e-07,1,FALSE
-1.30180790330463,0.0130893355648668,-6.47387770346251e-05,NA,NA,6,228.187291252107,-444.34855213545,156.551904537074,7.9288134963958e-35,1,FALSE
-0.986337572725382,0.00383274061259807,NA,NA,NA,5,203.936483051426,-397.854378742257,203.046077930266,6.35516352267671e-45,1,FALSE
-2.07259221387374,NA,NA,0.19033161566127,-0.00628711802108825,6,149.338235816913,-286.650441265062,314.250015407461,4.52374924460571e-69,1,FALSE
0.0546666862786605,NA,NA,-0.0415521537701241,NA,5,136.621638409433,-263.224689458272,337.675767214252,3.7039161931431e-74,1,FALSE
-0.724733773141231,NA,NA,NA,NA,4,8.69350659158954,-9.37462544703786,591.525831225485,2.79138754326537e-129,1,FALSE
