"(Intercept)","pre","I(pre^2)","tmx","I(tmx^2)","df","logLik","AICc","delta","weight","cw","any_u_shaped"
-0.490400812086599,-0.00457769626631342,5.04450145271305e-05,0.0498988988112992,-0.00696005551492635,8,470.351094549411,-924.647373720063,0,0.933669639519586,0.933669639519586,TRUE
0.082800859342744,-0.00437734564679539,4.79428504710614e-05,-0.0772748690252592,NA,7,466.700512361892,-919.358406763358,5.28896695670494,0.066329794958327,0.999999434477913,TRUE
-0.518327192643328,0.000992233003327011,NA,0.0241491880894644,-0.00547128444252868,7,454.775670943521,-895.508723926615,29.1386497934474,4.39355259028154e-07,0.999999873833172,FALSE
-0.0618104096560837,0.000931911903274428,NA,-0.0758787339055185,NA,6,452.522629347081,-893.013307381877,31.6340663381859,1.26166196735978e-07,0.999999999999369,FALSE
0.0401585598851506,NA,NA,-0.0817289866163966,NA,5,438.725662781658,-867.428511875103,57.2188618449601,3.50974251806265e-13,0.99999999999972,FALSE
-0.222767327271392,NA,NA,-0.0234935849699655,-0.00319743758926397,6,439.50539489392,-866.978838475555,57.6685352445081,2.80304402469277e-13,1,FALSE
-0.683846891351302,-0.00216723347486106,3.66172862620715e-05,NA,NA,6,291.009101039363,-569.986250766441,354.661122953622,9.04709008457819e-78,1,TRUE
-0.784153960264951,0.00187459553048349,NA,NA,NA,5,283.846962345822,-557.671111003432,366.976262716631,1.91562410489153e-80,1,FALSE
-0.683732331564521,NA,NA,NA,NA,4,232.389492509638,-456.763781674541,467.883592045522,2.34726507911671e-102,1,FALSE
