"(Intercept)","pet","I(pet^2)","pre","I(pre^2)","df","logLik","AICc","delta","weight","cw","any_u_shaped"
22.7899033326354,-10.368491836874,1.16458885688954,NA,NA,6,-865.232184121655,1742.49750433799,0,0.466125261050317,0.466125261050317,TRUE
21.9035934201487,-10.0208648801976,1.12957860012815,0.00135228258480132,NA,7,-864.644522796986,1743.333244489,0.835740151014761,0.306919139313299,0.773044400363616,TRUE
19.8903272094019,-9.02141408740578,1.01410411881891,-0.00914890667177036,0.00017924711171828,8,-863.964107278898,1743.98506414327,1.4875598052829,0.22155580429953,0.994600204663145,TRUE
0.832290626647226,-0.199540341524745,NA,-0.0176558582383462,0.000331339166650153,7,-869.04712258941,1752.13844407385,9.64093973586205,0.00375836691002275,0.998358571573168,TRUE
0.511411282809218,-0.189152833489724,NA,0.00184959717076661,NA,6,-871.609560393788,1755.25225688225,12.754752544266,0.000792215464056325,0.999150787037224,FALSE
0.820327346609111,-0.248509758571324,NA,NA,NA,5,-872.715295492274,1755.45425029054,12.9567459525565,0.000716112087321055,0.999866899124545,FALSE
-0.123338233667052,NA,NA,-0.0135039727380209,0.000299933958376401,6,-873.681689458045,1759.39651501076,16.8990106727797,9.9753719284469e-05,0.99996665284383,TRUE
-0.36998270298047,NA,NA,0.00404360516503853,NA,5,-875.782799987251,1761.5892592805,19.0917549425099,3.33258111471985e-05,0.999999978654977,FALSE
-0.257377118673097,NA,NA,NA,NA,4,-884.14001520796,1776.29579706945,33.7982927314636,2.13450228512218e-08,1,FALSE
