"(Intercept)","pre","I(pre^2)","tmx","I(tmx^2)","df","logLik","AICc","delta","weight","cw","any_u_shaped"
-0.504242296190906,0.00774638149650908,-5.08351784649511e-05,NA,NA,6,-851.433690463565,1714.90054318532,0,0.632414083488016,0.632414083488016,FALSE
-0.473937650914686,0.00764965941779001,-5.03258069131154e-05,-0.00300226490197971,NA,7,-851.343930816732,1716.73209544073,1.83155225540895,0.25309584406554,0.885509927553556,FALSE
-0.360071814743314,0.00769683923723883,-5.08682670524559e-05,-0.0283235702168047,0.00138409017691564,8,-851.298315287114,1718.65352508233,3.75298189700584,0.0968393506337826,0.982349278187339,TRUE
-0.366126882153479,0.00215143109327833,NA,NA,NA,5,-856.500564536187,1723.02480705185,8.12426386653192,0.0108852911454243,0.993234569332763,FALSE
-0.321220273366725,0.00208829850482881,NA,-0.00466171611177615,NA,6,-856.283522879656,1724.6002080175,9.69966483218195,0.00495160595294584,0.998186175285709,FALSE
-0.340334715279432,0.00209041096829484,NA,-0.000468693173591079,-0.000229033687190922,7,-856.282261349098,1726.60875650546,11.7082133201416,0.00181382470936688,0.999999999995076,FALSE
-0.0844607332843053,NA,NA,-0.019173960061538,NA,5,-878.46942871034,1766.96253540016,52.0619922148383,3.13244579798096e-12,0.999999999998208,FALSE
0.230905231658645,NA,NA,-0.0889857699422473,0.00382666991407258,6,-878.118092068169,1768.26934639453,53.3688032092086,1.6297206297447e-12,0.999999999999838,TRUE
-0.255842935974655,NA,NA,NA,NA,4,-882.434265081477,1772.88430925566,57.9837660703347,1.62176047111336e-13,1,FALSE
