"(Intercept)","pet","I(pet^2)","pre","I(pre^2)","df","logLik","AICc","delta","weight","cw"
15.9406518454344,-7.12492390289373,0.790212338664443,-0.00839421284787563,9.92935464098044e-05,8,-862.041906780055,1740.14066314558,0,0.811016649279543,0.811016649279543
18.1317889010925,-8.16114022561089,0.907221823414494,-0.00180766114733418,NA,7,-864.602591832412,1743.24938255985,3.10871941427035,0.171387808739092,0.982404458018635
17.5597341032971,-7.99759572847881,0.896388009817901,NA,NA,6,-867.886382377239,1747.80590084915,7.66523770357094,0.0175608102938751,0.99996526831251
0.356500045669539,-0.0878508637188198,NA,-0.0126638859285216,0.000165019822596122,7,-873.481528229514,1761.00725535406,20.866592208474,2.38729915190388e-05,0.999989141304029
-0.0659180716137105,NA,NA,-0.0115957871860067,0.000160384690401522,6,-875.280698227191,1762.59453254906,22.4538694034757,1.0795281715431e-05,0.999999936585744
0.141871344037238,-0.0771800738764528,NA,-0.00169262397231028,NA,6,-881.228882497869,1774.49090109041,34.3502379448303,2.81819067882505e-08,0.999999964767651
-0.225190648255769,NA,NA,-0.00102262910963249,NA,5,-882.611816253736,1775.24729181347,35.106628667884,1.93073298203312e-08,0.999999984074981
-0.257377118673097,NA,NA,NA,NA,4,-884.14001520796,1776.29579706945,36.1551339238672,1.14298937180666e-08,0.999999995504875
-0.192876374580253,-0.0143889765281096,NA,NA,NA,5,-884.069307477813,1778.16227426162,38.0216111160378,4.49512548079006e-09,1
