"(Intercept)","pre","I(pre^2)","tmx","I(tmx^2)","df","logLik","AICc","delta","weight","cw","any_u_shaped"
-0.497781147992201,0.00760101535276383,-4.99257699505933e-05,NA,NA,6,-852.740711084431,1717.51487497651,0,0.632882274812221,0.632882274812221,FALSE
-0.471713989966257,0.00752343577014292,-4.95233817880398e-05,-0.00261134436111358,NA,7,-852.673748861279,1719.3921192365,1.87724425999454,0.247562306829251,0.880444581641472,FALSE
-0.32467227327349,0.00757510646362794,-5.01652582176193e-05,-0.0352463699683262,0.00178549110950714,8,-852.599526536533,1721.25644645688,3.74157148037602,0.0974655210202528,0.977910102661725,TRUE
-0.360667119489986,0.00208955979053765,NA,NA,NA,5,-857.56448311186,1725.15285157404,7.6379765975305,0.0138917637191105,0.991801866380836,FALSE
-0.32151756759398,0.00203755287601005,NA,-0.00409550307866177,NA,6,-857.399456677435,1726.83236616252,9.31749118600965,0.00599867632316387,0.997800542704,FALSE
-0.295645400303651,0.0020341779799888,NA,-0.00976594623713492,0.000310051333281968,7,-857.397200530193,1728.83902257433,11.3241475978227,0.00219945725174783,0.999999999955747,TRUE
-0.098661142362361,NA,NA,-0.0170338161331953,NA,5,-877.70072175221,1765.42532885474,47.9104538782319,2.49861912662905e-11,0.999999999980734,FALSE
0.301900750622592,NA,NA,-0.105760178874442,0.00486979923820941,6,-877.141170497664,1766.31579380297,48.8009188264659,1.60080360423773e-11,0.999999999996742,TRUE
-0.250051337106209,NA,NA,NA,NA,4,-880.741786622881,1769.49949047616,51.9846154996558,3.25842031571398e-12,1,FALSE
