"(Intercept)","pet","I(pet^2)","pre","I(pre^2)","df","logLik","AICc","delta","weight","cw"
16.0505492813696,-7.40851018920841,0.839860821171784,NA,NA,6,-866.455919833532,1744.94497576174,0,0.523572853281108,0.523572853281108
15.2742380159925,-7.09305550475923,0.806838734096928,0.00114648356354013,NA,7,-866.04987796164,1746.14395481831,1.19897905656944,0.287489592077972,0.81106244535908
13.7091401627117,-6.30232136108986,0.714549418984894,-0.0079497561650074,0.000156334879802887,8,-865.549403081212,1747.1556557479,2.21067998615831,0.173354077446019,0.984416522805098
0.667052342519137,-0.167686341586898,NA,-0.0165445159291809,0.000312763509892054,7,-869.434263230694,1752.91272535642,7.96774959467803,0.0097454585724874,0.994161981377585
0.392809497100653,-0.164022095940379,NA,0.00180379168456513,NA,6,-871.726678594182,1755.48649328304,10.5415175213002,0.0026910122548528,0.996852993632438
0.662267986496984,-0.215360771456011,NA,NA,NA,5,-872.751044276853,1755.5257478597,10.5807720979606,0.00263870993679154,0.99949170356923
-0.123338233667052,NA,NA,-0.0135039727380209,0.000299933958376401,6,-873.681689458045,1759.39651501076,14.4515392490266,0.000380947603050608,0.999872651172281
-0.36998270298047,NA,NA,0.00404360516503853,NA,5,-875.782799987251,1761.5892592805,16.6442835187568,0.000127267313613028,0.999999918485894
-0.257377118673097,NA,NA,NA,NA,4,-884.14001520796,1776.29579706945,31.3508213077105,8.15141064469503e-08,1
