"(Intercept)","pre","I(pre^2)","tmx","I(tmx^2)","df","logLik","AICc","delta","weight","cw","any_u_shaped"
-1.50156355625955,0.000503702808093067,NA,0.140147337526953,-0.00405399876853762,7,-1115.63286230481,2245.30285988813,0,0.303823659085289,0.303823659085289,FALSE
-1.60191320593924,NA,NA,0.156184515170297,-0.00452425155433579,6,-1116.83736606471,2245.7025743568,0.399714468674574,0.248785288667162,0.552608947752451,FALSE
-1.51951838153462,0.00217697922310373,-1.16331557948511e-05,0.135411516094703,-0.00391386756205495,8,-1115.36619916329,2246.7801595206,1.47729963247639,0.145154348409903,0.697763296162355,FALSE
-0.141804120650443,0.000598436907943191,NA,-0.0090801721312047,NA,6,-1117.58018833687,2247.18821890112,1.88535901298928,0.118364394821079,0.816127690983434,FALSE
-0.222563617303399,0.00267493951341636,-1.44648781572416e-05,-0.00855537629326024,NA,7,-1117.16488829801,2248.36691187453,3.06405198640277,0.0656555063195564,0.88178319730299,FALSE
-0.0721172128506369,NA,NA,-0.0106259299891672,NA,5,-1119.31572942579,2248.65133956728,3.34847967915221,0.0569519326215617,0.938735129924552,FALSE
-0.321221422304504,0.000734701674064458,NA,NA,NA,5,-1119.89940337571,2249.81868746713,4.51582757900132,0.0317703566685663,0.970505486593118,FALSE
-0.412721244763611,0.00342373055864765,-1.88030227962087e-05,NA,NA,6,-1119.18531988402,2250.39848199541,5.09562210728291,0.0237750428480552,0.994280529441174,FALSE
-0.271228202684131,NA,NA,NA,NA,4,-1122.61737645673,2253.24800233381,7.94514244568154,0.00571947055882642,1,FALSE
