"(Intercept)","pre","I(pre^2)","tmx","I(tmx^2)","df","logLik","AICc","delta","weight","cw","any_u_shaped"
-0.933433728595273,-0.00158893472856291,3.38557582349465e-05,0.200262070635634,-0.0138151130377532,8,-210.76999861159,437.630563260917,0,0.7023494926169,0.7023494926169,TRUE
-0.936641209273967,0.00213656695709399,NA,0.179607164563796,-0.0126366823757592,7,-212.835127437835,439.740650853043,2.11008759212632,0.244542064437324,0.946891557054224,FALSE
0.204537973109435,-0.00110422623013883,2.8101320259599e-05,-0.0525351659810142,NA,7,-214.864694121029,443.79978421943,6.16922095851328,0.0321309793528918,0.979022536407116,TRUE
0.120077429247346,0.00199871965171494,NA,-0.051769380868919,NA,6,-216.299882251245,444.652528321586,7.02196506066974,0.0209774615644708,0.999999997971587,FALSE
-0.303408670637812,NA,NA,0.0776409773077284,-0.00782458031505401,6,-233.00161282162,478.055989462335,40.4254262014185,1.17026309391376e-09,0.99999999914185,FALSE
0.341457255334945,NA,NA,-0.0650601585143323,NA,5,-234.323246494719,478.684157772866,41.0535945119491,8.54827516793181e-10,0.999999999996678,FALSE
-0.375487305335029,0.00268522447774953,NA,NA,NA,5,-240.449445060162,490.936554903751,53.3059916428347,1.86768771255518e-12,0.999999999998545,FALSE
-0.318602959578424,0.000403978004194331,2.07273044481219e-05,NA,NA,6,-239.691826832638,491.436417484372,53.805854223455,1.45465659864086e-12,1,FALSE
-0.236810306980289,NA,NA,NA,NA,4,-274.546740019556,557.118574141998,119.488010881082,7.94440513401199e-27,1,FALSE
