"(Intercept)","pre","I(pre^2)","tmx","I(tmx^2)","df","logLik","AICc","delta","weight","cw","any_u_shaped"
-0.373224522802216,0.00911439612559561,-4.29141397221544e-05,-0.0142126918232242,NA,7,-294.917630960244,603.889604472646,0,0.656667049636857,0.656667049636857,FALSE
-0.785851760547249,0.00895316957843249,-4.20163121205389e-05,0.0315264590454542,-0.00124146294223883,8,-294.723832835881,605.517568584383,1.62796411173679,0.290962694220594,0.947629743857451,FALSE
-0.128983772988092,0.00293921884732629,NA,-0.0159653797073686,NA,6,-298.978665157002,609.998067462404,6.10846298975753,0.0309677277340396,0.978597471591491,FALSE
-0.724751285857267,0.00289354083025782,NA,0.0493191384717638,-0.00177054935249249,7,-298.58267661831,611.219695788779,7.33009131613289,0.0168126479647498,0.995410119556241,FALSE
-0.692726048712264,0.0104484206075287,-5.06449775078436e-05,NA,NA,6,-300.896376821584,613.833490791568,9.9438863189223,0.00455048561939915,0.99996060517564,FALSE
-0.445480885658073,0.00319371474992352,NA,NA,NA,5,-306.651558256089,623.332200370636,19.4425958979898,3.93948243600167e-05,1,FALSE
-1.38976492211988,NA,NA,0.151338334234762,-0.0047504007574721,6,-339.911565945417,691.863869039234,87.9742645665881,5.17578704652144e-20,1,FALSE
0.22352656228961,NA,NA,-0.0241710327037058,NA,5,-342.697236609467,695.423557077392,91.5339526047462,8.72971294429462e-21,1,FALSE
-0.229587088281327,NA,NA,NA,NA,4,-360.100508368457,728.220396581875,124.330792109229,6.59563710997913e-28,1,FALSE
