"(Intercept)","pet","I(pet^2)","pre","I(pre^2)","df","logLik","AICc","delta","weight","cw"
-7.27133053354268,3.09729452339931,-0.342560725438832,-0.0025653510216252,0.000116033970664838,8,-256.031969589253,528.152012573001,0,0.381706620112587,0.381706620112587
-0.292325088717488,NA,NA,-0.00117263554381666,8.78579449362544e-05,6,-258.433883412035,528.919080202201,0.767067629200824,0.260113607826669,0.641820227939256
-0.517855627928664,0.0471116253792934,NA,-0.000660327518552388,8.62700311951301e-05,7,-257.965173507743,529.998806673188,1.84679410018748,0.15160148266392,0.793421710603175
-0.378678239945735,NA,NA,0.0045920978028886,NA,5,-260.41725460728,530.871139251189,2.71912667818856,0.0980119063114538,0.891433616914629
-0.619080075308155,0.0505687022740819,NA,0.00503007965173007,NA,6,-259.878222592952,531.807758564034,3.65574599103354,0.0613612978257959,0.952794914740425
-4.61633128104901,1.84732724352212,-0.201712002418404,0.00506440496219824,NA,7,-259.131927136701,532.332313931103,4.18030135810227,0.0472050852109356,0.999999999951361
0.377720941233412,-0.136412339418695,NA,NA,NA,5,-282.30367964623,574.64398932909,46.4919767560898,3.0628463681103e-11,0.999999999981989
-2.80190203571173,1.29422942470657,-0.160723099392202,NA,NA,6,-281.844803001007,575.740919380144,47.5889068071436,1.7698231807951e-11,0.999999999999687
-0.233374072430184,NA,NA,NA,NA,4,-287.895066501361,583.814538127799,55.6625255547981,3.12439434842355e-13,1
