"(Intercept)","pet","I(pet^2)","pre","I(pre^2)","df","logLik","AICc","delta","weight","cw"
-8.16003529354287,3.5788939493212,-0.431332755465717,0.0262687451369033,-0.000270334634336915,8,-216.265655228308,448.619383851111,0,0.373655704109999,0.373655704109999
-0.286566863227921,-0.124107153029248,NA,0.0313743983127011,-0.00036362511328204,7,-217.623726227537,449.315912112775,0.696528261664014,0.263768194248844,0.637423898358843
-10.842993944258,4.93530407654353,-0.589669617184569,0.0105654233128698,NA,7,-217.711392560902,449.491244779506,0.871860928394369,0.241629202970873,0.879053101329716
-0.870882358376332,NA,NA,0.033631932586272,-0.000373526608508083,6,-219.882223461803,451.815760301736,3.19637645062517,0.0755765893739996,0.954629690703715
0.0326942168969139,-0.128594754519867,NA,0.010074776414554,NA,6,-220.610668118404,453.272649614939,4.6532657638279,0.0364777291562809,0.991107419859996
-0.564327766596807,NA,NA,0.0118146194668129,NA,5,-223.02949446653,456.09561896969,7.47623511857921,0.00889258013998903,0.999999999999985
1.51985209665524,-0.41120609391301,NA,NA,NA,5,-250.672609734399,511.381849505428,62.7624656543168,8.78567966295249e-15,0.999999999999994
-3.61106160050531,1.98733240109274,-0.280063169853731,NA,NA,6,-250.0329581003,512.117229578731,63.49784572762,6.08260493996685e-15,1
-0.233374072430184,NA,NA,NA,NA,4,-287.895066501361,583.814538127799,135.195154276688,1.64140924514433e-30,1
