"(Intercept)","pet","I(pet^2)","pre","I(pre^2)","df","logLik","AICc","delta","weight","cw","any_u_shaped"
-0.359254281087894,-0.106821544608728,NA,0.0313632452906859,-0.00035554822223515,7,-218.588125490314,451.24471063833,0,0.378096541507065,0.378096541507065,FALSE
-0.870882358376332,NA,NA,0.033631932586272,-0.000373526608508083,6,-219.882223461803,451.815760301736,0.571049663406086,0.284184800383448,0.662281341890513,FALSE
-4.85899438182399,1.97657991366197,-0.23955565927388,0.0293652728722801,-0.000319795448899594,8,-218.312207215425,452.712487825345,1.46777718701452,0.181500964967376,0.843782306857889,FALSE
-8.37818421587333,3.72720557496399,-0.441962586082714,0.0106521947026265,NA,7,-220.393343138233,454.855145934168,3.61043529583822,0.0621736897511688,0.905955996609058,FALSE
-0.0121132950406746,-0.118719677996647,NA,0.0104603862771412,NA,6,-221.42745557526,454.906224528652,3.66151389032126,0.060605922459943,0.966561919069001,FALSE
-0.564327766596807,NA,NA,0.0118146194668129,NA,5,-223.02949446653,456.09561896969,4.85090833136013,0.033438080930998,0.999999999999999,FALSE
1.70511800200933,-0.447505270303005,NA,NA,NA,5,-254.806864685859,519.650359408348,68.4056487700173,5.29059855433368e-16,1,FALSE
-1.62879612630345,1.08849912624663,-0.176791276714805,NA,NA,6,-254.647814871111,521.346943120353,70.1022324820229,2.26514671514085e-16,1,FALSE
-0.233374072430184,NA,NA,NA,NA,4,-287.895066501361,583.814538127799,132.569827489468,6.17206416090753e-30,1,FALSE
