"(Intercept)","pre","I(pre^2)","tmx","I(tmx^2)","df","logLik","AICc","delta","weight","cw"
-0.243271972686522,0.0289595221424504,-0.00031447990760777,-0.014330455353695,NA,7,-70.4858629073474,155.080463678772,0,0.27654964677202,0.27654964677202
0.0116892885682468,0.0102089081582906,NA,-0.0135715673133594,NA,6,-71.9987257115063,156.078925719812,0.998462041039318,0.167864874725061,0.444414521497081
-0.53059691529253,0.0289370609624842,-0.000296828549082935,NA,NA,6,-72.078561365633,156.238597028065,1.15813334929288,0.154984278776565,0.599398800273646
-2.82129852338573,0.0101621595962186,NA,0.285657645000723,-0.00787675341654532,7,-71.0661451064425,156.241028076963,1.16056439819022,0.154796006044788,0.754194806318434
-1.92748695663169,0.0255805334798038,-0.000258286463401929,0.168509638987853,-0.00480942919822196,8,-70.1858229636691,156.5115876183,1.43112393952791,0.135209900490751,0.889404706809184
-0.274818326426585,0.0111870662710107,NA,NA,NA,5,-73.4276749000187,156.913489334921,1.83302565614866,0.11059529318658,0.999999999995765
-2.42472146144396,NA,NA,0.299749793850944,-0.00889824141799688,6,-97.0437307532011,206.168935803201,51.088472124429,2.22870373989953e-12,0.999999999997993
0.779536195590168,NA,NA,-0.0384086765818049,NA,5,-98.1604268504711,206.378993235826,51.2985295570535,2.00649901053176e-12,1
0.048778399195464,NA,NA,NA,NA,4,-111.035753959345,230.110230087132,75.0297664083593,1.41015334939241e-17,1
