"(Intercept)","pet","I(pet^2)","pre","I(pre^2)","df","logLik","AICc","delta","weight","cw"
-5.92972781802244,NA,NA,0.256367730353279,-0.00285829319620479,6,-2065.52902510055,4143.09688515255,0,0.411013083036592,0.411013083036592
-15.7280114383997,3.42866242573275,-0.297016862398317,0.251800448959152,-0.00279739364058829,8,-2063.81146703972,4143.6895698962,0.592684743652171,0.305601716583543,0.716614799620134
-5.48290050607423,-0.0719879473426919,NA,0.25605675589437,-0.00287294303785961,7,-2064.8943585756,4143.84052103648,0.743635883936804,0.283385200379866,1
-63.9419118399866,20.7222180857677,-1.75267597830111,0.0616162903323228,NA,7,-2240.47702525825,4495.0058544018,351.908969249251,1.57686279931789e-77,1
-2.54090879959577,NA,NA,0.0540454296049625,NA,5,-2275.49199328238,4561.01171299729,417.914827844741,7.32493587277599e-92,1
-3.12616385926324,0.0907794400589656,NA,0.0557399060484073,NA,6,-2274.70431801285,4561.44747097716,418.35058582461,5.89088010653353e-92,1
5.37438627678472,-1.0524809927226,NA,NA,NA,5,-2562.77764347853,5135.5830133896,992.486128237049,1.25380852028295e-216,1
9.27803365380946,-2.38855545949116,0.114153407980321,NA,NA,6,-2562.65985898251,5137.35855291647,994.261667763927,5.16033275572396e-217,1
-0.765633504432137,NA,NA,NA,NA,4,-2680.20371937024,5368.42591449106,1225.32902933851,3.44379798364623e-267,1
