"(Intercept)","pet","I(pet^2)","pre","I(pre^2)","df","logLik","AICc","delta","weight","cw"
-5.9295964116723,NA,NA,0.256222965793422,-0.00285632465651102,6,-2063.59623472806,4139.231358345,0,0.4157864548025,0.4157864548025
-15.6539953412259,3.4028226677032,-0.294780232964764,0.251694831291408,-0.00279595395726914,8,-2061.90699899632,4139.8807264449,0.64936809989922,0.300512018658465,0.716298473460965
-5.48612613116526,-0.0714504055563417,NA,0.255916414095603,-0.00287089325264921,7,-2062.97199031431,4139.99585649708,0.764498152077977,0.283701526539035,1
-63.7883100719323,20.6685328631286,-1.74806554654789,0.061605200275928,NA,7,-2238.10017972815,4490.25223532476,351.020876979751,2.4868831772205e-77,1
-2.54383463091443,NA,NA,0.0540393080947763,NA,5,-2272.88827229369,4555.80430951103,416.572951166024,1.44945032611694e-91,1
-3.13384884999643,0.0915164515355817,NA,0.0557474439648197,NA,6,-2272.08888028339,4556.21664945568,416.985291110672,1.17941013370376e-91,1
5.36805357007702,-1.05192841286222,NA,NA,NA,5,-2559.90906824536,5129.84590141436,990.61454306936,3.23337043562909e-216,1
9.45961358697233,-2.45233074600498,0.119649969484093,NA,NA,6,-2559.77985908404,5131.59860705697,992.367248711964,1.34604713665239e-216,1
-0.768800353516285,NA,NA,NA,NA,4,-2677.08181051196,5362.18212241152,1222.95076406651,1.1441582603296e-266,1
