"(Intercept)","pre","I(pre^2)","tmx","I(tmx^2)","df","logLik","AICc","delta","weight","cw","any_u_shaped"
-39.360826620477,0.196829013224255,-0.00170695414488926,3.43600266999673,-0.0880945916511408,8,-2085.85816667743,4187.78303090003,0,0.999999999983819,0.999999999983819,FALSE
-3.98141730061304,0.207829896496014,-0.00183444831900293,-0.110366317130758,NA,7,-2111.71277586898,4237.4774035898,49.6943726897771,1.61809523730143e-11,1,FALSE
-6.44704691704771,0.212914054349622,-0.0018216756315512,NA,NA,6,-2138.85413582253,4289.74714253816,101.964111638134,7.22394584668192e-23,1,FALSE
-50.4350420390176,0.0406458046925992,NA,4.88706146367142,-0.124331623317148,7,-2202.75192694144,4419.55570573473,231.772674834703,4.69032710546864e-51,1,FALSE
-0.121298992938643,0.0397646523898337,NA,-0.119187329117369,NA,6,-2248.17676488574,4508.39240066458,320.609369764552,2.4019277096149e-70,1,FALSE
-2.80952628156787,0.0464754550792667,NA,NA,NA,5,-2274.08061305259,4558.18897818659,370.405947286561,3.69292522988056e-81,1,FALSE
-41.0082178378749,NA,NA,4.34992518670676,-0.116557939318843,6,-2440.97898980152,4893.99685049614,706.213819596114,4.4423988985713e-154,1,FALSE
6.0706723523009,NA,NA,-0.340602438734193,NA,5,-2471.13964075665,4952.30703359471,764.524002694679,9.67658628565257e-167,1,FALSE
-0.767824235336436,NA,NA,NA,NA,4,-2678.06588260498,5364.150258044,1176.36722714397,3.59006473537146e-256,1,FALSE
