"(Intercept)","pet","I(pet^2)","pre","I(pre^2)","df","logLik","AICc","delta","weight","cw","any_u_shaped"
-5.92909555863133,NA,NA,0.25626824299594,-0.00285700752340437,6,-2064.42933418812,4140.89753926935,0,0.41403549637471,0.41403549637471,FALSE
-15.6908699043615,3.41575743777571,-0.295890242521076,0.251723073286836,-0.00279637565229724,8,-2062.72880421665,4141.52430597846,0.626766709114236,0.302647377031756,0.716682873406466,FALSE
-5.48468425056436,-0.0716018671950156,NA,0.255960973709158,-0.00287160518966201,7,-2063.80222856001,4141.65630897187,0.758769702526479,0.283317126593534,1,FALSE
-63.8426520690989,20.6875479712656,-1.74968895109871,0.0616035927890656,NA,7,-2239.03138632384,4492.11462449953,351.217085230186,2.24500102250235e-77,1,FALSE
-2.54233886632728,NA,NA,0.0540328216834966,NA,5,-2273.89289169264,4557.81353546669,416.915996197349,1.21584802341236e-91,1,FALSE
-3.13162624412979,0.0914037783803971,NA,0.0557387871353508,NA,6,-2273.09527041568,4558.22941172446,417.331872455119,9.87581421061328e-92,1,FALSE
5.36846851148494,-1.05180804356914,NA,NA,NA,5,-2560.89680559537,5131.82136327216,990.92382400281,2.75843783178425e-216,1,FALSE
9.3991817559867,-2.43138351934394,0.117870623349716,NA,NA,6,-2560.77136764209,5133.58160617729,992.684066907948,1.14401392369194e-216,1,TRUE
-0.767824235336436,NA,NA,NA,NA,4,-2678.06588260498,5364.150258044,1223.25271877465,9.79681049773161e-267,1,FALSE
