"(Intercept)","pet","I(pet^2)","pre","I(pre^2)","df","logLik","AICc","delta","weight","cw"
-2.65284784316812,-0.274841185113089,NA,0.181698338850391,-0.00193829679082081,7,-1080.05605350065,2174.18394792496,0,0.712912734352869,0.712912734352869
-5.36522596301993,0.651950515219662,-0.0786283069749862,0.180556776014391,-0.0019180555076894,8,-1079.95537794894,2176.0031820853,1.81923416034124,0.287074550693218,0.999987285046086
-4.36000380802311,NA,NA,0.182826334510781,-0.00187995881330872,6,-1091.99938641096,2196.05261897576,21.8686710508014,1.27149539135382e-05,1
-38.2394976759839,12.4343168077651,-1.06965368018585,0.050497734305822,NA,7,-1188.15959661509,2390.39103415384,216.20708622888,8.02165765767277e-48,1
-1.12737710809746,-0.156496830502554,NA,0.0469190442344253,NA,6,-1205.62326962908,2423.30038541201,249.116437487046,5.72913817055177e-55,1
-2.13885895150605,NA,NA,0.0499175825591733,NA,5,-1208.76847261896,2427.57538213733,253.391434212373,6.75749218861464e-56,1
21.1041017509485,-6.29141565494089,0.442838704350768,NA,NA,6,-1470.21068615435,2952.47521846255,778.291270537586,7.06698742227517e-170,1
5.95999500991713,-1.10827119161056,NA,NA,NA,5,-1472.4948351716,2955.02810724261,780.844159317653,1.97188490897963e-170,1
-0.507540929382652,NA,NA,NA,NA,4,-1628.19910985977,3264.42382791417,1090.2398799892,1.28959831571394e-237,1
