"(Intercept)","pet","I(pet^2)","pre","I(pre^2)","df","logLik","AICc","delta","weight","cw","any_u_shaped"
-2.58736931909711,-0.287922580527359,NA,0.184306541696866,-0.00198598103464418,7,-1015.3311772588,2044.73722082777,0,0.63870142165523,0.63870142165523,FALSE
-8.25294014660778,1.64771017756653,-0.164203188284107,0.181944295996318,-0.00194408601443735,8,-1014.89019240196,2045.87670587415,1.13948504638415,0.361294914766095,0.999996336421325,FALSE
-4.37637880467,NA,NA,0.185453963418194,-0.00192396316077935,6,-1028.40930621731,2068.87472465907,24.1375038312981,3.66357867501228e-06,1,FALSE
-40.42467359438,13.2007068086662,-1.1355778169918,0.0499624740034492,NA,7,-1123.06752610081,2260.20991851178,215.472697684007,1.03751905182337e-47,1,FALSE
-1.01851991307769,-0.167531985940577,NA,0.0461971888373016,NA,6,-1142.46398827899,2296.98408878242,252.246867954651,1.07296725376181e-55,1,FALSE
-2.10227949787076,NA,NA,0.0494252149630571,NA,5,-1146.00371714462,2302.04748769379,257.310266866017,8.53263885301101e-57,1,FALSE
17.426427467682,-5.03814956026161,0.3368289577847,NA,NA,6,-1392.96200956047,2797.98013134538,753.242910517614,1.74051631097635e-164,1,TRUE
5.90245212531351,-1.09487383424551,NA,NA,NA,5,-1394.26775823533,2798.57556987519,753.838349047422,1.29235034666796e-164,1,FALSE
-0.490857882244232,NA,NA,NA,NA,4,-1544.25983920712,3096.54636287055,1051.80914204278,2.55767100743587e-229,1,FALSE
