"(Intercept)","pet","I(pet^2)","pre","I(pre^2)","df","logLik","AICc","delta","weight","cw","any_u_shaped"
-2.60796310204038,-0.284568505270958,NA,0.184329993767716,-0.0019853929209674,7,-1013.67507469181,2041.42501569378,0,0.634930410712118,0.634930410712118,FALSE
-8.36939882271754,1.68384955079011,-0.166986478154453,0.181925597253534,-0.00194273927470508,8,-1013.21778762093,2042.5318963121,1.10688061832502,0.365064881125935,0.999995291838053,FALSE
-4.37605530723827,NA,NA,0.185483758534541,-0.00192439714301059,6,-1026.4964248301,2065.04896188465,23.6239461908772,4.70816194670074e-06,1,FALSE
-40.5227267071378,13.2306219282706,-1.13788755608088,0.0500514071997028,NA,7,-1121.40690736608,2256.88868104231,215.463665348534,1.0360618273114e-47,1,FALSE
-1.03720737138994,-0.164649843271171,NA,0.0462724278487837,NA,6,-1140.93462352826,2293.92535928097,252.500343587197,9.3966527792091e-56,1,FALSE
-2.10210491831583,NA,NA,0.0494440026329957,NA,5,-1144.36381554022,2298.76768448498,257.342668791201,8.34594698108842e-57,1,FALSE
17.4729680044019,-5.05674918386243,0.338651740810058,NA,NA,6,-1392.63027207815,2797.31665638074,755.891640686965,4.6019499921666e-165,1,TRUE
5.88689140985092,-1.09217766196455,NA,NA,NA,5,-1393.95198048615,2797.94401437683,756.518998683055,3.36289135737489e-165,1,FALSE
-0.489363628037168,NA,NA,NA,NA,4,-1543.37491096721,3094.77650639072,1053.35149069694,1.17586150142019e-229,1,FALSE
