"(Intercept)","pre","I(pre^2)","tmx","I(tmx^2)","df","logLik","AICc","delta","weight","cw","any_u_shaped"
-4.96983924576982,0.00468198589064159,-5.83215161572694e-05,0.69247232624449,-0.0255055861016418,8,-469.86670183854,955.890266422178,0,0.612522566583733,0.612522566583733,FALSE
-0.317923710715047,0.0059730970688235,-6.95382215171158e-05,NA,NA,6,-472.834109088876,957.759522525578,1.86925610340052,0.240557160148628,0.85307972673236,FALSE
-0.0944438276166463,0.00532256174534533,-6.48856847158145e-05,-0.0151096105043092,NA,7,-472.374057062027,958.869985723619,2.97971930144104,0.138065213402296,0.991144940134656,FALSE
-6.24445151430104,NA,NA,0.91154607137836,-0.0343354734838239,6,-476.67734097656,965.445986300945,9.55571987876749,0.00515375639436196,0.996298696529018,FALSE
-6.0707154968352,0.000675133891176985,NA,0.87367911543194,-0.0326214274810795,7,-476.080134398081,966.282140395727,10.3918739735491,0.00339277712985491,0.999691473658873,FALSE
0.203096652045815,0.000926502724686735,NA,-0.0337007409240562,NA,6,-480.246025161329,972.583354670485,16.6930882483067,0.000145299472474013,0.999836773131347,FALSE
0.42121975001707,NA,NA,-0.0474255310486833,NA,5,-481.380689709901,972.826525999606,16.9362595774281,0.00012866489038587,0.999965438021733,FALSE
-0.291435266088991,0.00174742671423901,NA,NA,NA,5,-482.700563180171,975.466272940146,19.5760065179683,3.43752835658198e-05,0.999999813305299,FALSE
-0.24213234087899,NA,NA,NA,NA,4,-488.92706291167,985.897509771278,30.0072433491003,1.86694701157405e-07,1,FALSE
