"(Intercept)","pre","I(pre^2)","tmx","I(tmx^2)","df","logLik","AICc","delta","weight","cw","any_u_shaped"
-4.06015300716153,0.0169744644290329,-0.000356933296836515,0.574654275372637,-0.0224267024472209,8,-564.575024645221,1145.28252399145,0,0.869041156172075,0.869041156172075,FALSE
0.0165098440590373,0.0168178778863873,-0.000348237904802456,-0.0316183618274072,NA,7,-567.532701185556,1149.16834354758,3.88581955612835,0.124521788230673,0.993562944402748,FALSE
-0.425553495332403,0.0184352200566523,-0.000378353719913387,NA,NA,6,-571.508039787256,1155.09321456074,9.810690569283,0.00643688804103591,0.999999832443784,FALSE
-3.27795542273918,0.00474184089139286,NA,0.479181777906589,-0.0193130007938231,7,-581.337144824494,1176.77723082546,31.4947068340039,1.25907514495004e-07,0.999999958351298,FALSE
0.228274331461927,0.00486371781420005,NA,-0.0426847270112852,NA,6,-583.458598763358,1178.99433251294,33.711808521487,4.15541244762006e-08,0.999999999905423,FALSE
-0.36169070365982,0.00567690911268725,NA,NA,NA,5,-590.637631823757,1191.33030951907,46.0477855276197,8.70744550350303e-11,0.999999999992497,FALSE
-3.51713300628732,NA,NA,0.538151216300566,-0.0219053409988129,6,-592.251997565495,1196.58113011722,51.2986061257616,6.30506487358084e-12,0.999999999998802,FALSE
0.466580473160218,NA,NA,-0.0540944304368806,NA,5,-594.923711439395,1199.90246875035,54.6199447588954,1.19803647046829e-12,1,FALSE
-0.263176157411435,NA,NA,NA,NA,4,-606.637188639932,1221.31104089123,76.0285168997762,2.6894140283423e-17,1,FALSE
