"(Intercept)","pre","I(pre^2)","tmx","I(tmx^2)","df","logLik","AICc","delta","weight","cw","any_u_shaped"
-2.67363561128521,0.0031909318114096,-2.09530547198328e-05,0.335568244429289,-0.0118189065537465,8,-1199.86346179955,2415.78122224163,0,0.45293438110007,0.45293438110007,FALSE
-0.29987100035947,0.00315307208536322,-2.18652203648595e-05,NA,NA,6,-1202.2907970865,2416.61324451212,0.83202227048514,0.298788547934291,0.751722929034361,FALSE
-0.424133812545331,0.00349719756587925,-2.41594083502305e-05,0.00840666212206777,NA,7,-1201.77720187017,2417.59662009918,1.81539785754603,0.182737067880448,0.934459996914809,FALSE
-3.16800912825588,0.00170467295282162,NA,0.415479839234746,-0.014918262653724,7,-1203.15607909712,2420.35437455308,4.57315231145321,0.0460243730545363,0.980484369969345,FALSE
-0.28974168857975,0.00177651735746133,NA,NA,NA,5,-1206.3397335868,2422.70206604367,6.92084380203505,0.0142296150522251,0.99471398502157,FALSE
-0.309459550426287,0.00180847711096757,NA,0.00134536739454862,NA,6,-1206.32548445265,2424.68261924441,8.90139700277632,0.00528593098292825,0.999999916004498,FALSE
-3.54846872231493,NA,NA,0.503273259230562,-0.0189883571513544,6,-1217.39085657357,2446.81336348626,31.0321412446256,8.26973201109522e-08,0.999999998701819,FALSE
0.121394560899113,NA,NA,-0.025830570937637,NA,5,-1222.55049775731,2455.12359438467,39.3423721430436,1.29702314130005e-09,0.999999999998842,FALSE
-0.23999262158923,NA,NA,NA,NA,4,-1230.57508898752,2469.16523821601,53.3840159743763,1.15835988300425e-12,1,FALSE
