"(Intercept)","pre","I(pre^2)","tmx","I(tmx^2)","df","logLik","AICc","delta","weight","cw","any_u_shaped"
-3.09612288776492,0.00516354913352681,-4.77067589047435e-05,0.439284949813315,-0.0170401406996874,8,-1569.46643351699,3154.97714747679,0,0.511698706747229,0.511698706747229,FALSE
-3.01426062065422,0.00353807287771602,NA,0.429552779653542,-0.0167270107509031,7,-1570.53128134406,3155.09699244527,0.119844968480265,0.481937050164251,0.99363575691148,FALSE
0.0109134129819779,0.00364177919960843,NA,-0.0215449898626444,NA,6,-1576.48801463371,3165.00184364972,10.0246961729381,0.00340548682167488,0.997041243733155,FALSE
-0.0116569064126713,0.00509764207375479,-4.26779485829331e-05,-0.0203932969065547,NA,7,-1575.63809384227,3165.31061744168,10.3334699648972,0.00291829927344302,0.999959543006598,FALSE
-0.295936200841771,0.00606247716597022,-5.89601391083504e-05,NA,NA,6,-1581.34253636481,3174.71088711193,19.7337396351422,2.6539161905236e-05,0.999986082168503,FALSE
-0.286732833451145,0.00408376799398461,NA,NA,NA,5,-1582.99170764215,3176.00184846403,21.0247009872405,1.39174127755293e-05,0.999999999581279,FALSE
-3.15722052387557,NA,NA,0.469231163036721,-0.0185331155826808,6,-1592.40146892862,3196.82875223953,41.8516047627445,4.17882145421281e-10,0.999999999999161,FALSE
0.20059795102955,NA,NA,-0.0308700011405941,NA,5,-1599.61592652154,3209.25028622281,54.2731387460194,8.38980724107745e-13,1,FALSE
-0.214718765721882,NA,NA,NA,NA,4,-1613.43130124681,3234.87488750591,79.897740029126,2.28791830904253e-18,1,FALSE
