"(Intercept)","pre","I(pre^2)","tmx","I(tmx^2)","df","logLik","AICc","delta","weight","cw","any_u_shaped"
-3.2946136182869,0.00503992633880959,-4.77774026499936e-05,0.45498561679389,-0.0170447336041201,8,-1569.50275649082,3155.04979342444,0,0.512460482233415,0.512460482233415,FALSE
-3.20743592066736,0.00353843760017927,NA,0.444552536382989,-0.0167166744981039,7,-1570.57175622439,3155.17794220593,0.128148781494474,0.480654736801838,0.993115219035253,FALSE
0.0262669115005997,0.00364136037975957,NA,-0.0215955014540971,NA,6,-1576.44573520119,3164.91728478469,9.86749136024719,0.00368945193558237,0.996804670970836,FALSE
0.00512793177358588,0.00498144609487348,-4.25845119090974e-05,-0.02045025335195,NA,7,-1575.59856563341,3165.23156102397,10.1817675995285,0.00315295402920163,0.999957625000037,FALSE
-0.288058704899139,0.00590367286588087,-5.88395659663741e-05,NA,NA,6,-1581.33579741255,3174.6974092074,19.6476157829593,2.77482004018242e-05,0.999985373200439,FALSE
-0.281391513546258,0.00408446892707251,NA,NA,NA,5,-1582.97983202942,3175.97809723856,20.9283038141189,1.46263832833933e-05,0.999999999583723,FALSE
-3.37557076185866,NA,NA,0.486174410478197,-0.0185332391976749,6,-1592.44532473841,3196.91646385912,41.8666704346751,4.15363574493691e-10,0.999999999999086,FALSE
0.215476485007593,NA,NA,-0.0309229155248581,NA,5,-1599.56837911614,3209.15519141199,54.1053979875546,9.13739684999103e-13,1,FALSE
-0.214718765721882,NA,NA,NA,NA,4,-1613.43130124681,3234.87488750591,79.8250940814723,2.37608209905288e-18,1,FALSE
