"(Intercept)","pet","I(pet^2)","pre","I(pre^2)","df","logLik","AICc","delta","weight","cw","any_u_shaped"
-0.228413026312695,0.294920264548104,-0.135830785426713,0.00617166558364978,-0.000109403478368904,8,-758.425157728209,1532.91535610683,0,0.939563332381463,0.939563332381463,FALSE
0.0615260086536574,-0.111340463285064,NA,0.00652629195377798,-0.000116727227932775,7,-762.471922272662,1538.99440887941,6.07905277258396,0.0449651992697514,0.984528531651215,FALSE
-0.19215010509281,0.31571247751071,-0.147706809112125,0.00129779329340585,NA,7,-763.739857666467,1541.53027966702,8.61492356019517,0.0126537478904148,0.99718227954163,FALSE
-0.137712874375552,0.300878086492725,-0.149665721182654,NA,NA,6,-766.37810540394,1544.79411694506,11.878760838239,0.00247449122242678,0.999656770764056,FALSE
0.127640023581612,-0.127148034773468,NA,0.0013288349627824,NA,6,-768.530020972169,1549.09794808152,16.1825919746971,0.000287687412936666,0.999944458176993,FALSE
0.187743216145464,-0.148356582097409,NA,NA,NA,5,-771.283294605538,1552.59365281053,19.6782967037091,5.01000574321165e-05,0.999994558234425,FALSE
-0.129172042485965,NA,NA,0.00867988416448728,-0.000144400839525965,6,-772.498003485712,1557.03391310861,24.1185570017824,5.44061445297081e-06,0.999999998848878,FALSE
-0.0791674803984921,NA,NA,0.00241750893200867,NA,5,-781.964422129665,1573.95590785879,41.0405517519632,1.15102161547089e-09,0.9999999999999,FALSE
-0.0252242975355964,NA,NA,NA,NA,4,-792.316599985389,1592.65123423588,59.7358781290568,1.00333263364059e-13,1,FALSE
