"(Intercept)","pre","I(pre^2)","tmx","I(tmx^2)","df","logLik","AICc","delta","weight","cw","any_u_shaped"
-4.59471822343979,0.00549115382666753,-0.000124785650485052,0.683662994848956,-0.0256395184135228,8,-746.81873831791,1509.70251728623,0,0.997703463430259,0.997703463430259,FALSE
-4.39437730623269,0.00157221594171028,NA,0.660613435533234,-0.0249429669493523,7,-753.940541350981,1521.93164703605,12.2291297498214,0.00220536102668058,0.99990882445694,FALSE
-4.42277869288566,NA,NA,0.67273904429017,-0.025535359196224,6,-758.195358577334,1528.42862329185,18.7261060056244,8.56405064573093e-05,0.999994464963397,FALSE
0.373971363291502,0.00540957497241293,-0.000118652036832756,-0.0317829768784884,NA,7,-759.932916414366,1533.91639716282,24.21387987659,5.50838480864835e-06,0.999999973348206,FALSE
0.436181426300732,0.00168039694084937,NA,-0.0352223815422317,NA,6,-766.294578142849,1544.62706242288,34.9245451366551,2.60155410193518e-08,0.999999999363747,FALSE
0.52861388344177,NA,NA,-0.0399339843213339,NA,5,-771.098443435484,1552.22395047043,42.5214331842001,5.82893996815403e-10,0.999999999946641,FALSE
-0.0804073120916197,0.00686367142747194,-0.000144246303228615,NA,NA,6,-772.48418566792,1557.00627747302,47.3037601867964,5.33482857388435e-11,0.999999999999989,FALSE
-0.0641571361908236,0.00241745400897693,NA,NA,NA,5,-781.963885852494,1573.95483530445,64.25231801822,1.1137504625957e-14,1,FALSE
-0.0252242975355964,NA,NA,NA,NA,4,-792.316599985389,1592.65123423588,82.9487169496551,9.7032328589001e-19,1,FALSE
