"(Intercept)","pre","I(pre^2)","tmx","I(tmx^2)","df","logLik","AICc","delta","weight","cw","any_u_shaped"
-4.2709416701743,0.00581325339282657,-0.000124542139410027,0.656668899349438,-0.02550896945504,8,-746.826631353681,1509.71830335777,0,0.997627796101987,0.997627796101987,FALSE
-4.08285140181855,0.00157249804391227,NA,0.635337741197647,-0.0248526377933119,7,-753.91572143206,1521.88200719821,12.1637038404369,0.00227852507505443,0.999906321177041,FALSE
-4.10336074370249,NA,NA,0.646861291189266,-0.0254428440434089,6,-758.172394407055,1528.38269495129,18.6643915935238,8.83176292264639e-05,0.999994638806268,FALSE
0.351249572386465,0.00572611520547666,-0.000118709795678736,-0.0317261838787903,NA,7,-759.972641838035,1533.99584801016,24.2775446523865,5.33539653853625e-06,0.999999974202806,FALSE
0.417237696881303,0.00168122351059965,NA,-0.0351794402670043,NA,6,-766.334978190047,1544.70786251728,34.9895591595086,2.51815412279575e-08,0.999999999384348,FALSE
0.509737622704175,NA,NA,-0.0398921537579058,NA,5,-771.143709070928,1552.31448174131,42.5961783835448,5.61469190187141e-10,0.999999999945817,FALSE
-0.0897405964863466,0.00724868721960132,-0.0001443685904007,NA,NA,6,-772.47668050364,1556.99126714446,47.2729637866942,5.41720016661676e-11,0.999999999999989,FALSE
-0.0673179529758112,0.00241724687718998,NA,NA,NA,5,-781.965891953442,1573.95884750634,64.2405441485737,1.12024140873972e-14,1,FALSE
-0.0252242975355964,NA,NA,NA,NA,4,-792.316599985389,1592.65123423588,82.9329308781125,9.77938213625767e-19,1,FALSE
