"(Intercept)","pre","I(pre^2)","tmx","I(tmx^2)","df","logLik","AICc","delta","weight","cw","any_u_shaped"
-5.51375654399275,0.00378219489900135,-4.1195513173864e-05,0.792663012412985,-0.0288170072255994,8,-535.632802776092,1087.34498813212,0,0.99982403483583,0.99982403483583,FALSE
-0.103062110276305,0.00475498854406676,-5.07151554764287e-05,NA,NA,6,-546.729133733226,1105.50452297306,18.1595348409428,0.000113928055474735,0.999937962891305,FALSE
-0.0190725246703062,0.00453003397327142,-4.92559714294152e-05,-0.00568613723044782,NA,7,-546.510755638456,1107.08321926589,19.7382311337742,5.17393705179891e-05,0.999989702261823,FALSE
-6.5575710736133,0.000828208714584023,NA,0.960120242056375,-0.0352736229705464,7,-548.224171478759,1110.5100509465,23.1650628143807,9.32597175848948e-06,0.999999028233581,FALSE
-6.69942205498724,NA,NA,0.996799234430694,-0.037043117128289,6,-551.493342358646,1115.0329402239,27.6879520917828,9.71764810238623e-07,0.999999999998392,FALSE
0.21465474178768,0.00104662491699063,NA,-0.019936455560448,NA,6,-564.968218446679,1141.98269239997,54.6377042678487,1.36614513183308e-12,0.999999999999758,FALSE
-0.077230267492892,0.00150788227658551,NA,NA,NA,5,-567.797451392095,1145.62792424814,58.2829361160248,2.20772410963704e-13,0.999999999999979,FALSE
0.467960333282314,NA,NA,-0.0359196992376678,NA,5,-570.1307967651,1150.29461499415,62.9496268620342,2.14084773887356e-14,1,FALSE
-0.0342493380532047,NA,NA,NA,NA,4,-584.142430059258,1176.30686231874,88.9618741866184,4.80947911389381e-20,1,FALSE
