"(Intercept)","pet","I(pet^2)","pre","I(pre^2)","df","logLik","AICc","delta","weight","cw","any_u_shaped"
0.369063307355872,-0.638148819043406,0.163003716153146,0.00543754284667303,-0.000131308394088259,8,-427.234534383905,870.622260257172,0,0.3124470431714,0.3124470431714,TRUE
0.431044818610295,-0.65159424544951,0.162408962584667,NA,NA,6,-429.555526336125,871.200224646771,0.577964389598947,0.234030815805861,0.546477858977261,TRUE
0.018515735035916,-0.14712975409527,NA,0.00507025694738821,-0.000128057974066184,7,-428.853746161575,871.826514639834,1.2042543826617,0.171110201411975,0.717588060389236,FALSE
0.0702966493217641,-0.158755710748367,NA,NA,NA,5,-431.176154688483,872.41593610019,1.79367584301804,0.127433807312479,0.845021867701715,FALSE
0.441170028168646,-0.643546088065505,0.157505354867695,-0.000490310346287201,NA,7,-429.447404455484,873.013831227652,2.39157097047951,0.0945046942363696,0.939526561938084,TRUE
0.100451938382399,-0.16856065132209,NA,-0.000703583688167759,NA,6,-430.951374632848,873.991921240218,3.36966098304538,0.0579513868560718,0.997477948794156,FALSE
-0.238166696928029,NA,NA,0.00834515917823826,-0.00017588298879073,6,-434.220878825394,880.530929625309,9.908669368137,0.00220361745760476,0.999681566251761,FALSE
-0.158592350927641,NA,NA,NA,NA,4,-438.550580378063,885.143533637482,14.5212733803098,0.000219544200615957,0.999901110452377,FALSE
-0.173416726208179,NA,NA,0.000651654797843665,NA,5,-438.337503492197,886.738633707618,16.1163734504455,9.88895476230076e-05,1,FALSE
