"(Intercept)","pre","I(pre^2)","tmx","I(tmx^2)","df","logLik","AICc","delta","weight","cw","any_u_shaped"
0.27124659818836,0.00441010157797318,-0.00014037604500955,-0.0322733673205371,NA,7,-430.190207803935,874.499437924555,0,0.364997396903279,0.364997396903279,FALSE
0.358224659062914,NA,NA,-0.0371516259026188,NA,5,-432.750100908917,875.563828541058,1.06439061650281,0.214368160606272,0.579365557509551,FALSE
1.51631597862425,0.00435708514108833,-0.000137009462790483,-0.211014585874322,0.00638233500268788,8,-429.948151686154,876.049494861671,1.55005693711541,0.168150893726559,0.74751645123611,TRUE
1.90859916846234,NA,NA,-0.25964366091176,0.00794434584047244,6,-432.373214039397,876.835600053315,2.33616212876018,0.113500717377164,0.861017168613274,TRUE
0.360981727435968,-5.70000122155518e-05,NA,-0.037282201009226,NA,6,-432.748518214862,877.586208404246,3.08677047969081,0.0779841017299619,0.939001270343236,FALSE
1.90949965052236,1.04203037210856e-05,NA,-0.259821354716912,0.00795154287752936,7,-432.373161388812,878.865345094308,4.36590716975297,0.0411381797056885,0.980139450048924,TRUE
-0.192392984681979,0.00610134869135263,-0.000174989280760795,NA,NA,6,-434.255725107244,880.600622189011,6.10118426445547,0.0172756516236268,0.997415101672551,FALSE
-0.158592350927641,NA,NA,NA,NA,4,-438.550580378063,885.143533637482,10.6440957129271,0.00178218896665708,0.999197290639208,FALSE
-0.169329675811176,0.000651518695840703,NA,NA,NA,5,-438.337558394732,886.738743512687,12.2393055881316,0.000802709360792013,1,FALSE
