"(Intercept)","pre","I(pre^2)","tmx","I(tmx^2)","df","logLik","AICc","delta","weight","cw","any_u_shaped"
-0.173693270919129,0.00491784189111393,-0.000175360996311831,NA,NA,6,-434.243052534004,880.57527704253,0,0.490632450430411,0.490632450430411,FALSE
-0.0713033233299817,0.00442849930658038,-0.000163269067810205,-0.0061096308232115,NA,7,-433.985215887933,882.08945409255,1.51417705001973,0.230121343215986,0.720753793646397,FALSE
-0.577226006070086,0.00439390392663467,-0.000163480363461906,0.0560215274826849,-0.00189395251448702,8,-433.923642613919,884.0004767172,3.42519967467024,0.0885082206744583,0.809262014320855,FALSE
0.0446508188467249,NA,NA,-0.0124950450858386,NA,5,-437.32267377113,884.708974265483,4.13369722295261,0.0621062521450369,0.871368266465892,FALSE
-0.158592350927641,NA,NA,NA,NA,4,-438.550580378063,885.143533637482,4.56825659495212,0.0499772037536593,0.921345470219552,FALSE
-0.464803665138548,NA,NA,0.0499328255253288,-0.00190072635270817,6,-437.260508212217,886.610188398955,6.03491135642525,0.024004458784966,0.945349929004518,FALSE
0.0324134350930854,0.000264647803051666,NA,-0.0119553847114942,NA,6,-437.289741927394,886.66865582931,6.09337878677979,0.0233128772743244,0.968662806278842,FALSE
-0.167032361080183,0.000645817616136642,NA,NA,NA,5,-438.341298490802,886.746223704827,6.17094666229673,0.0224260211438027,0.991088827422645,FALSE
-0.440114595603968,0.00022727278083954,NA,0.0460831241397476,-0.00176940504773073,7,-437.236516801714,888.592055920113,8.01677887758274,0.00891117257735521,1,FALSE
