"(Intercept)","pre","I(pre^2)","tmx","I(tmx^2)","df","logLik","AICc","delta","weight","cw","any_u_shaped"
0.347682062548565,NA,NA,-0.0358799920183173,NA,5,-347.944064877456,705.9622953915,0,0.21928099271185,0.21928099271185,FALSE
0.186541947281841,0.000697546228571053,NA,-0.0257810914920482,NA,6,-347.241000709709,706.585961815458,0.623666423958525,0.160536409473838,0.379817402185688,FALSE
-0.201580380156822,0.00289127278310823,-2.64440285933099e-05,NA,NA,6,-347.433913216146,706.971786828333,1.00949143683272,0.132370956904195,0.512188359089883,FALSE
0.0975290893263393,0.00199184409251688,-1.95668555699822e-05,-0.0202096770855309,NA,7,-346.536112602827,707.211010831428,1.24871543992765,0.117448067735334,0.629636426825217,FALSE
1.92246148188258,NA,NA,-0.262031305351139,0.00808158071955402,6,-347.650503595497,707.404967587034,1.44267219553365,0.106593004031965,0.736229430857182,TRUE
2.11046246215257,0.000772814721610802,NA,-0.30348067870327,0.00996262705685547,7,-346.80211041659,707.743006458954,1.78071106745426,0.0900169913599845,0.826246422217167,TRUE
-0.191734537599859,0.00132544591978729,NA,NA,NA,5,-348.853700530733,707.781566698054,1.81927130655413,0.0882980766915386,0.914544498908705,FALSE
2.43536185473328,0.00227397759862485,-2.24403180692558e-05,-0.358726419988407,0.0121739011090241,8,-345.894594522372,707.967849094371,2.00555370287145,0.0804452740434588,0.994989772952164,TRUE
-0.15366159651969,NA,NA,NA,NA,4,-352.735329083853,713.520040883755,7.55774549225555,0.0050102270478358,1,FALSE
