"(Intercept)","pre","I(pre^2)","tmx","I(tmx^2)","df","logLik","AICc","delta","weight","cw","any_u_shaped"
3.19168460626255,0.00304744527574551,-2.75300343538223e-05,-0.423032099982545,0.0149735005608065,8,-1322.43373179738,2660.90397475095,0,0.9129796581147,0.9129796581147,TRUE
0.402738685662063,0.00259262281859791,-2.25329074596603e-05,-0.0130680429026619,NA,7,-1326.03523597599,2666.09886231954,5.19488756858846,0.0679838254452808,0.98096348355998,FALSE
0.212597353332052,0.00309119701659349,-2.53108327953495e-05,NA,NA,6,-1328.31330200835,2668.64789139633,7.74391664538052,0.0190060106167298,0.99996949417671,FALSE
0.507205703026493,0.000984341195488479,NA,-0.0196025576184544,NA,6,-1335.260433712,2682.54215480362,21.6381800526724,1.82721648004869e-05,0.999987766341511,FALSE
1.57686120106353,0.00102162797541052,NA,-0.176091493496995,0.00569540735541089,7,-1334.67685152676,2683.38209342107,22.4781186701221,1.20060362482042e-05,0.999999772377759,TRUE
0.223842688480016,0.00146441806762806,NA,NA,NA,5,-1340.689518954,2691.3942393268,30.4902645758466,2.18566839666098e-07,0.999999990944599,FALSE
0.752018204543037,NA,NA,-0.0353806246567828,NA,5,-1344.21292173912,2698.44104489705,37.5370701460943,6.44747824760216e-09,0.999999997392077,FALSE
1.19027430693485,NA,NA,-0.0991883363190768,0.00231343966548643,6,-1344.11501371541,2700.25131481044,39.3473400594921,2.60792302401278e-09,1,TRUE
0.264823587364348,NA,NA,NA,NA,4,-1372.97893202718,2753.96799576662,93.0640210156671,5.64762309864159e-21,1,FALSE
