"(Intercept)","pre","I(pre^2)","tmx","I(tmx^2)","df","logLik","AICc","delta","weight","cw","any_u_shaped"
0.495288120838413,0.00961034152275834,-0.000182021446561725,-0.0226602784822085,NA,7,-1264.49492599365,2543.01803517805,0,0.731312909153042,0.731312909153042,FALSE
0.56493930777588,0.00960777902834677,-0.00018190146258216,-0.0328002113919054,0.000367578553918865,8,-1264.49223374533,2545.02071214205,2.00267696400761,0.268675126740935,0.999988035893977,TRUE
0.176358038018094,0.0102889028603789,-0.000191462056215073,NA,NA,6,-1276.51913725888,2565.05940659323,22.0413714151891,1.19641059426055e-05,0.999999999999919,FALSE
0.555835498642888,0.00403556235690449,NA,-0.0257510553320854,NA,6,-1295.70367412129,2603.42848031804,60.4104451399962,5.57367642940215e-14,0.999999999999975,FALSE
1.152847175618,0.00404510724832479,NA,-0.112696823810602,0.00315243909930918,7,-1295.50854281286,2605.04526881646,62.0272336384114,2.48347956738646e-14,1,TRUE
0.194403021098443,0.00448144287910259,NA,NA,NA,5,-1311.00825480714,2632.03160015755,89.0135649795025,3.42809775036371e-20,1,FALSE
0.761723265721596,NA,NA,-0.036168023907253,NA,5,-1350.8147191124,2711.64452876806,168.626493590012,1.76736156149421e-37,1,FALSE
0.941417100419133,NA,NA,-0.0623238720051516,0.00094807220541856,6,-1350.79763353029,2713.61639913604,170.598363957999,6.59385200328248e-38,1,TRUE
0.263764032298749,NA,NA,NA,NA,4,-1381.20098281485,2770.41202346224,227.393988284198,3.06285244422559e-50,1,FALSE
