"(Intercept)","pre","I(pre^2)","tmx","I(tmx^2)","df","logLik","AICc","delta","weight","cw","any_u_shaped"
0.4724958249068,0.0100940802228616,-0.000181990942577975,-0.0227290158747923,NA,7,-1264.42078360315,2542.86975039704,0,0.731493816008478,0.731493816008478,FALSE
0.524993920363414,0.0100918272977659,-0.000181896961374182,-0.030641534936437,0.000296885740268703,8,-1264.41900907867,2544.87426280873,2.00451241168912,0.268495072205819,0.999988888214297,TRUE
0.162280834883224,0.0108001898168626,-0.000191465997463301,NA,NA,6,-1276.51914689352,2565.05942586251,22.1896754654754,1.11117856223247e-05,0.999999999999919,FALSE
0.539401276236551,0.0040342455089075,NA,-0.0258228061659056,NA,6,-1295.61753875804,2603.25620959155,60.3864591945148,5.64231923153691e-14,0.999999999999975,FALSE
1.06415119794635,0.00404301625745537,NA,-0.10494872431909,0.00296945476278349,7,-1295.4426597128,2604.91350261633,62.0437522192951,2.46366155388959e-14,1,TRUE
0.188417769457854,0.00448139988933076,NA,NA,NA,5,-1311.0092811425,2632.03365282826,89.1639024312185,3.18064539901235e-20,1,FALSE
0.745797816933483,NA,NA,-0.0362399340579474,NA,5,-1350.69029125994,2711.39567306314,168.525922666101,1.85896632746021e-37,1,FALSE
0.894320266722806,NA,NA,-0.0586226438439944,0.000839737380844131,6,-1350.67675369601,2713.3746394675,170.504889070458,6.91105626286842e-38,1,TRUE
0.263764032298749,NA,NA,NA,NA,4,-1381.20098281485,2770.41202346224,227.542273065205,2.84468290575976e-50,1,FALSE
