"(Intercept)","pet","I(pet^2)","pre","I(pre^2)","df","logLik","AICc","delta","weight","cw","any_u_shaped"
0.10353349737838,NA,NA,0.0127178240111109,-0.000191653115002878,6,-1276.53845381604,2565.09803970756,0,0.576304953983655,0.576304953983655,FALSE
0.129520549133679,-0.0166216789248741,NA,0.0125129179404815,-0.00018956027513973,7,-1276.15476401876,2566.33771122827,1.23967152070873,0.310070966117559,0.886375920101214,FALSE
0.13100120858165,-0.0188428951444121,0.000804300856909139,0.0125141248510049,-0.000189598079567834,8,-1276.15463902791,2568.34552270722,3.24748299966041,0.113624079898781,0.999999999999995,TRUE
0.216068147158428,-0.0328603602745174,NA,0.00425161924819218,NA,6,-1309.60021841857,2631.22156891261,66.1235292050515,2.52412247582712e-15,0.999999999999997,FALSE
0.166043001214965,NA,NA,0.00447904189775282,NA,5,-1311.08338810506,2632.18186675338,67.0838270458257,1.56165248771591e-15,0.999999999999999,FALSE
0.136934778871187,0.0846517453853499,-0.0424880012722126,0.00427488855086813,NA,7,-1309.25529378235,2632.53877075544,67.44073104788,1.30642257989381e-15,1,FALSE
0.402430075074936,-0.101109202185672,NA,NA,NA,5,-1366.01245176919,2742.03999408163,176.941954374073,2.17868855465153e-39,1,FALSE
0.394479174911527,-0.0891855769703379,-0.00432488795650492,NA,NA,6,-1366.00898655495,2744.03910518537,178.941065477811,8.01851029978526e-40,1,FALSE
0.263764032298749,NA,NA,NA,NA,4,-1381.20098281485,2770.41202346224,205.313983754685,1.50413650543569e-45,1,FALSE
