"(Intercept)","pet","I(pet^2)","pre","I(pre^2)","df","logLik","AICc","delta","weight","cw","any_u_shaped"
0.122577150259656,0.199851579339764,-0.112833731805697,0.00328502437620492,-5.63210932690105e-05,8,-1131.63646580967,2279.30488191887,0,0.867335371278879,0.867335371278879,FALSE
0.146674467080137,0.204087064540604,-0.11698632380372,0.000764906978879113,NA,7,-1134.89295597579,2283.81075667207,4.50587475320435,0.0911483449445836,0.958483716223463,FALSE
0.168383151891858,0.208321411875495,-0.122018156728613,NA,NA,6,-1137.01860087047,2286.05583114878,6.75094922991593,0.0296645017924102,0.988148218015873,FALSE
0.354977156792305,-0.131862417955787,NA,0.00352615729113138,-5.97686470490059e-05,7,-1137.01283104848,2288.05050681746,8.74562489859682,0.0109420511553891,0.999090269171262,FALSE
0.389705375443267,-0.140343054532163,NA,0.000855143614606146,NA,6,-1140.677358379,2293.37334616585,14.0684642469805,0.000764291205489584,0.999854560376752,FALSE
0.425844080085038,-0.152231580495367,NA,NA,NA,5,-1143.33920903379,2296.69172183698,17.3868399181133,0.00014543962324778,1,FALSE
0.132484989491989,NA,NA,0.00603383447023606,-9.44553562847733e-05,6,-1169.63277446148,2351.28417833081,71.9792964119388,2.03273814283546e-16,1,FALSE
0.166020136492263,NA,NA,0.00191372025546588,NA,5,-1178.93514792962,2367.88359962863,88.5787177097677,5.05315826130102e-20,1,FALSE
0.208966038895508,NA,NA,NA,NA,4,-1193.44179609606,2394.89245940561,115.587577486739,6.89705228714397e-26,1,FALSE
