"(Intercept)","pre","I(pre^2)","tmx","I(tmx^2)","df","logLik","AICc","delta","weight","cw","any_u_shaped"
-4.17986027253962,0.00444176112349821,-0.000104678775481546,0.531975918222832,-0.016124717244794,8,-1138.20242615752,2292.43680261456,0,0.999952061352404,0.999952061352404,FALSE
-4.07492145647277,0.00177409483692467,NA,0.523063705185962,-0.0159580600693633,7,-1149.15154595833,2312.32793663715,19.8911340225882,4.79373814864714e-05,0.999999998733891,FALSE
-4.11951680752759,NA,NA,0.535538876227963,-0.0164681100382665,6,-1160.69661339928,2333.41185620641,40.9750535918483,1.26578325087621e-09,0.999999999999674,FALSE
0.181979993948398,0.00422514568940505,-9.52297349316839e-05,NA,NA,6,-1169.52034861127,2351.0593266304,58.6225240158328,1.86320153084581e-13,0.99999999999986,FALSE
0.119804154330132,0.00451612011307447,-0.000101681547079808,0.00371151140668999,NA,7,-1168.80504103353,2351.63492678755,59.1981241729868,1.39723625596883e-13,1,FALSE
0.184552169039363,0.0019103621117691,NA,NA,NA,5,-1178.9853417286,2367.98398722659,75.5471846120286,3.93655641613917e-17,1,FALSE
0.178580232677706,0.00192328334543762,NA,0.000357493589616836,NA,6,-1178.97833607239,2369.97530155263,77.5384989380636,1.45448105252231e-17,1,FALSE
0.277883233223858,NA,NA,-0.00424281225294448,NA,5,-1192.36848016458,2394.75026409856,102.313461483996,6.06587290529828e-23,1,FALSE
0.208966038895508,NA,NA,NA,NA,4,-1193.44179609606,2394.89245940561,102.455656791041,5.64957772567083e-23,1,FALSE
