"(Intercept)","pre","I(pre^2)","tmx","I(tmx^2)","df","logLik","AICc","delta","weight","cw","any_u_shaped"
-1.72950104313788,0.00351135302061865,-7.14363685469623e-05,0.305528735998459,-0.0120471780758775,8,-1136.02664363484,2288.08523756922,0,0.97928689904856,0.97928689904856,FALSE
-1.55556040945835,0.00126315901654303,NA,0.283840098399054,-0.0113436234438547,7,-1141.31641517078,2296.65767506206,8.57243749283452,0.0134718982712456,0.992758797319806,FALSE
0.598329825670461,0.00344608412914485,-6.67606136762931e-05,-0.0302090232834407,NA,7,-1141.97418708209,2297.97321888467,9.88798131545127,0.00697850000747849,0.999737297327284,FALSE
0.633974605184766,0.00134052979315369,NA,-0.0321617907257041,NA,6,-1146.5977641511,2305.21415771005,17.1289201408308,0.000186815194095995,0.99992411252138,FALSE
-1.65301730615729,NA,NA,0.303621167001732,-0.0121531187021427,6,-1147.50489937081,2307.02842814946,18.9431905802394,7.54133746286444e-05,0.999999525896009,FALSE
0.696640144540423,NA,NA,-0.0351135501657509,NA,5,-1153.57687545468,2317.16705467876,29.0818171095357,4.74103975844022e-07,0.999999999999985,FALSE
0.16688513604987,0.00480294318811394,-9.30254921136951e-05,NA,NA,6,-1169.81875200705,2351.65613342195,63.570895852723,1.53696969800619e-14,1,FALSE
0.177983557525509,0.00191784036789174,NA,NA,NA,5,-1178.87095909728,2367.75522196396,79.6699843947367,4.90673548645415e-18,1,FALSE
0.208966038895508,NA,NA,NA,NA,4,-1193.44179609606,2394.89245940561,106.807221836382,6.28082089340479e-24,1,FALSE
