"(Intercept)","pre","I(pre^2)","tmx","I(tmx^2)","df","logLik","AICc","delta","weight","cw","any_u_shaped"
-1.62842980214351,0.00370614886097495,-7.16562797074295e-05,0.299193571751619,-0.0122215247425614,8,-1135.86251077323,2287.756971846,0,0.981259063091958,0.981259063091958,FALSE
-1.46621002924221,0.00126079879727678,NA,0.278915426059597,-0.011546684007484,7,-1141.18337127743,2296.39158727535,8.63461542935556,0.0130858146276633,0.994344877719621,FALSE
0.578777439051576,0.00363354168724547,-6.7062630199626e-05,-0.0301409039228091,NA,7,-1142.06116823679,2298.14718119408,10.3902093480815,0.005439743077138,0.999784620796759,FALSE
0.61666886710805,0.00134056376884752,NA,-0.032106810860588,NA,6,-1146.72336907995,2305.46536756776,17.7083957217601,0.000140105249657281,0.999924726046416,FALSE
-1.55294788305494,NA,NA,0.29792314833066,-0.0123549410793455,6,-1147.34936149473,2306.71735239731,18.9603805513161,7.49185488941332e-05,0.99999964459531,FALSE
0.679745789403974,NA,NA,-0.0350582620034392,NA,5,-1153.70292402897,2317.41915182735,29.6621799813488,3.55404675991367e-07,0.999999999999986,FALSE
0.160316325932021,0.00505939979934735,-9.33450941891729e-05,NA,NA,6,-1169.77686931631,2351.57236804048,63.815396194479,1.36284500614516e-14,1,FALSE
0.175464490450523,0.00191686948925028,NA,NA,NA,5,-1178.88599101772,2367.78528580485,80.0283139588514,4.11013518958808e-18,1,FALSE
0.208966038895508,NA,NA,NA,NA,4,-1193.44179609606,2394.89245940561,107.135487559608,5.3408225591135e-24,1,FALSE
