"(Intercept)","pre","I(pre^2)","tmx","I(tmx^2)","df","logLik","AICc","delta","weight","cw","any_u_shaped"
0.0922792185921369,0.00175916017527086,NA,-0.0178777680911432,NA,6,-259.197533624893,530.5112498224,0,0.170582114446739,0.170582114446739,FALSE
-0.170801847541883,0.00532175096400059,-9.54823257812803e-05,NA,NA,6,-259.396228940121,530.908640452857,0.397390630456357,0.139843155288832,0.310425269735571,FALSE
0.0413577700053826,0.00442443049252426,-7.75379873753091e-05,-0.0151485919553354,NA,7,-258.483967859921,531.123060373581,0.61181055118027,0.125626285909317,0.436051555644888,FALSE
-0.1544862181316,0.00210457015090001,NA,NA,NA,5,-260.520371323438,531.123615575052,0.612365752651499,0.125591416800005,0.561642972444893,FALSE
0.172482081569561,NA,NA,-0.0215232824243017,NA,5,-260.576360409143,531.235593746462,0.724343924062055,0.118752895813359,0.680395868258252,FALSE
-1.62291031503105,0.00164747282617818,NA,0.237874481231272,-0.00947836534538174,7,-258.667599324693,531.490323303125,0.979073480724992,0.104551528972128,0.78494739723038,FALSE
-1.81201326822933,NA,NA,0.273776995798258,-0.0109341532264695,6,-259.866434912355,531.849052397324,1.33780257492344,0.0873842886684691,0.872331685898849,FALSE
-1.79599730324941,0.00444460212335701,-8.16002182044864e-05,0.25856533591687,-0.0101387390981884,8,-257.878583062303,531.956888732096,1.44563890969573,0.0827974559433472,0.955129141842196,FALSE
-0.11725195008506,NA,NA,NA,NA,4,-262.563466949519,533.182106312831,2.67085649043099,0.0448708581578042,1,FALSE
