"(Intercept)","pet","I(pet^2)","pre","I(pre^2)","df","logLik","AICc","delta","weight","cw","any_u_shaped"
-0.198997098318027,NA,NA,0.00620823739600666,-9.41778364656835e-05,6,-259.443135393521,531.002453359656,0,0.179662604492905,0.179662604492905,FALSE
-0.164736053381621,NA,NA,0.00209808243846781,NA,5,-260.533223748942,531.149320426061,0.14686706640498,0.166942115620445,0.34660472011335,FALSE
-0.526892105752733,0.532025390709964,-0.183203729032061,0.00161408783831986,NA,7,-258.626907987668,531.408940629075,0.406487269419586,0.146618949028469,0.493223669141818,FALSE
-0.509780414150183,0.57917903446634,-0.20588273041198,NA,NA,6,-259.674667258288,531.46551708919,0.463063729534497,0.142529473188663,0.635753142330481,FALSE
-0.577614811431214,0.537345877231992,-0.179913078010467,0.00572130091679317,-9.10371790944422e-05,8,-257.663870453119,531.527463513727,0.525010154070856,0.138182544247163,0.773935686577644,FALSE
-0.199077255984873,4.57703999839367e-05,NA,0.00620933863956315,-9.41942273291095e-05,7,-259.443134872787,533.041394399314,2.03894103965854,0.0648197377998163,0.83875542437746,FALSE
-0.139383088099475,-0.0156382020556535,NA,0.00196623115301076,NA,6,-260.468758366784,533.053699306181,2.05124594652534,0.06442216166986,0.90317758604732,FALSE
-0.11725195008506,NA,NA,NA,NA,4,-262.563466949519,533.182106312831,2.17965295317561,0.0604160136161362,0.963593599663456,FALSE
-0.0579171347976537,-0.0414809647533341,NA,NA,NA,5,-262.056126295616,534.195125519409,3.19267215975299,0.0364064003365435,1,FALSE
