"(Intercept)","pre","I(pre^2)","tmx","I(tmx^2)","df","logLik","AICc","delta","weight","cw","any_u_shaped"
0.103175865078573,0.00176002970789105,NA,-0.0179081186314266,NA,6,-259.190142660378,530.496467893369,0,0.1707061794201,0.1707061794201,FALSE
-0.163994757798203,0.00507926044450863,-9.5755357774663e-05,NA,NA,6,-259.386142892464,530.888468357543,0.392000464173179,0.14032253545151,0.31102871487161,FALSE
0.0543188555590819,0.00422974893230283,-7.78400785889293e-05,-0.0151757515478786,NA,7,-258.470347145756,531.095818945253,0.599351051883104,0.126503288474162,0.437532003345772,FALSE
-0.151741673721216,0.002106039594376,NA,NA,NA,5,-260.517461569361,531.117796066899,0.621328173529605,0.125120809035119,0.562652812380891,FALSE
0.182774337141758,NA,NA,-0.0215557493486808,NA,5,-260.570360546458,531.223594021092,0.727126127722499,0.118674062627353,0.681326875008244,FALSE
-1.73116242553874,0.00165073437740318,NA,0.246501666778077,-0.00947749561006842,7,-258.664311089072,531.483746831885,0.987278938515146,0.10419919047726,0.785526065485504,FALSE
-1.93576290862138,NA,NA,0.283260734710739,-0.0109164853937424,6,-259.868334620852,531.852851814319,1.35638392094916,0.0866391566890815,0.872165222174586,FALSE
-1.91606420326285,0.00424560043408058,-8.20348333070285e-05,0.268612328237568,-0.0101668136820861,8,-257.866324911149,531.932372429788,1.43590453641889,0.0832619416157108,0.955427163790297,FALSE
-0.11725195008506,NA,NA,NA,NA,4,-262.563466949519,533.182106312831,2.68563841946195,0.0445728362097035,1,FALSE
