"(Intercept)","pre","I(pre^2)","tmx","I(tmx^2)","df","logLik","AICc","delta","weight","cw","any_u_shaped"
-7.66061864485822,0.0046965300200174,-0.000114774068723585,0.909382446099582,-0.0273427681253751,8,-246.180794374415,508.561311356319,0,0.511285592219229,0.511285592219229,FALSE
-7.62178437500825,0.00178699001267393,NA,0.909157648767401,-0.0274546549303218,7,-247.758189387971,509.671503429682,1.11019207336346,0.293486689201224,0.804772281420453,FALSE
-7.81101480770807,NA,NA,0.93852059583871,-0.0284515329163113,6,-249.185465046254,510.487112665122,1.92580130880293,0.195200584544073,0.999972865964526,FALSE
-0.147671769101636,0.00438710299926384,-9.44068185414805e-05,NA,NA,6,-259.435211517002,530.986605606618,22.425294250299,6.90355486526693e-06,0.999979769519391,FALSE
-0.351445438126141,0.00537294050936456,-0.000118986456314128,0.0121937386620615,NA,7,-258.418143703456,530.991412060652,22.430100704333,6.88698397548183e-06,0.999986656503367,FALSE
-0.144430431889337,0.00209811083299754,NA,NA,NA,5,-260.533024090846,531.148921109869,22.5876097535508,6.36541051222557e-06,0.999993021913879,FALSE
-0.280179773923293,0.00235891500838273,NA,0.00815677586944116,NA,6,-260.046234162771,532.208650898155,23.6473395418366,3.74721849850717e-06,0.999996769132377,FALSE
-0.11725195008506,NA,NA,NA,NA,4,-262.563466949519,533.182106312831,24.6207949565127,2.30316928329348e-06,0.999999072301661,FALSE
-0.176899327401384,NA,NA,0.0036755779347593,NA,5,-262.458951480251,535.000775888679,26.4394645323607,9.27698339503119e-07,1,FALSE
