"(Intercept)","pre","I(pre^2)","tmx","I(tmx^2)","df","logLik","AICc","delta","weight","cw","any_u_shaped"
-4.10981544568109,0.00913286745352201,-0.000273718866377189,0.579436967523476,-0.0187594389736258,8,-1299.84641962026,2615.75278928216,0,0.999994278895937,0.999994278895937,FALSE
0.876661115655708,0.00921490221769272,-0.000271276423853994,-0.0342691178036602,NA,7,-1312.92444604942,2639.89550050501,24.1427112228484,5.72103209566224e-06,0.999999999928033,FALSE
-3.84853715179236,0.00216876838653399,NA,0.558509794544377,-0.0184255826721513,7,-1324.22751215657,2662.5016327193,46.7488434371426,7.05691920645094e-11,0.999999999998602,FALSE
-3.84881715619133,NA,NA,0.568540810939883,-0.0189417256861148,6,-1329.59535958793,2671.22566093958,55.4728716574236,8.9994607519427e-13,0.999999999999502,FALSE
0.303418362780789,0.0120853453263769,-0.000329123988225825,NA,NA,6,-1330.18804433372,2672.41103043117,56.6582411490062,4.97527135727543e-13,0.999999999999999,FALSE
1.04769361734175,0.00231029973940854,NA,-0.0441867870334301,NA,6,-1336.59779207094,2685.2305259056,69.4777366234384,8.18650817805297e-16,1,FALSE
1.19379494797595,NA,NA,-0.0514996523508624,NA,5,-1342.62976474022,2695.28447750539,79.5316882232332,5.36921567553347e-18,1,FALSE
0.309983055225781,0.00423102701682755,NA,NA,NA,5,-1366.41229168568,2742.84953139631,127.096742114149,2.51936232946272e-28,1,FALSE
0.361089044270605,NA,NA,NA,NA,4,-1388.97667080755,2785.96996671902,170.217177436857,1.09095559107242e-37,1,FALSE
