"(Intercept)","pre","I(pre^2)","tmx","I(tmx^2)","df","logLik","AICc","delta","weight","cw","any_u_shaped"
-7.78328900223234,0.0123913911883218,-0.000303606327314758,1.21035180568589,-0.0451549161229026,8,-1284.00231893006,2584.06458790176,0,0.999999999994103,0.999999999994103,FALSE
0.928928627337541,0.0122189956855425,-0.000291664847044682,-0.0469147240471016,NA,7,-1310.87355281066,2635.79371402748,51.7291261257196,5.85009589292749e-12,0.999999999999953,FALSE
-7.20635165608941,0.00295922313057432,NA,1.14083002741953,-0.042962760372815,7,-1315.69767360032,2645.4419556068,61.3773677050394,4.69974122829653e-14,1,FALSE
-7.28743191050434,NA,NA,1.16722112459871,-0.0442005170556388,6,-1326.73928299381,2665.51350775134,81.4489198495785,2.05869389280254e-18,1,FALSE
0.259233813009916,0.0142364317932062,-0.000327127119767229,NA,NA,6,-1330.45157578592,2672.93809333557,88.8735054338113,5.02763222652075e-20,1,FALSE
1.07713512992745,0.00314804750644015,NA,-0.0550825097698734,NA,6,-1339.45470880288,2690.94435936948,106.879771467719,6.18518241161944e-24,1,FALSE
1.24513920155462,NA,NA,-0.0636781312158963,NA,5,-1351.67525597602,2713.37545997699,129.310872075225,8.32723658971322e-29,1,FALSE
0.295368532459178,0.0042444920257956,NA,NA,NA,5,-1366.26719575558,2742.5593395361,158.494751634339,3.83091024799213e-35,1,FALSE
0.361089044270605,NA,NA,NA,NA,4,-1388.97667080755,2785.96996671902,201.905378817255,1.43484192034381e-44,1,FALSE
