"(Intercept)","pre","I(pre^2)","tmx","I(tmx^2)","df","logLik","AICc","delta","weight","cw","any_u_shaped"
-7.16129672035886,0.0131849377658569,-0.000303233505841389,1.15511294967455,-0.0446448858699257,8,-1284.28582124022,2584.63159252207,0,0.999999999992562,0.999999999992562,FALSE
0.88914280563127,0.0130021415321469,-0.000291953772666364,-0.0468059692349339,NA,7,-1310.92378232212,2635.89417305041,51.2625805283405,7.38706761502913e-12,0.999999999999949,FALSE
-6.62521306475295,0.0029594850372093,NA,1.09095654465053,-0.0425776203792286,7,-1315.89337024062,2645.83334888739,61.2017563653244,5.13106438053439e-14,1,FALSE
-6.68883285813375,NA,NA,1.11595872227429,-0.0438061123008356,6,-1326.93648504502,2665.90791185378,81.2763193317105,2.24425138778957e-18,1,FALSE
0.239789959439253,0.0151128847870015,-0.000327464512555573,NA,NA,6,-1330.40688783398,2672.84871743169,88.2171249096255,6.98063163681698e-20,1,FALSE
1.04665140653834,0.00314775328319741,NA,-0.0550071833064407,NA,6,-1339.55216108869,2691.13926394111,106.507671419039,7.44994405025307e-24,1,FALSE
1.21480181362856,NA,NA,-0.0636002361740519,NA,5,-1351.77130078994,2713.56754960483,128.935957082762,1.00441377458006e-28,1,FALSE
0.289816831479184,0.00424250798594951,NA,NA,NA,5,-1366.28861618717,2742.60218039929,157.970587877222,4.97877718733133e-35,1,FALSE
0.361089044270605,NA,NA,NA,NA,4,-1388.97667080755,2785.96996671902,201.338374196951,1.90514285116474e-44,1,FALSE
