"(Intercept)","pre","I(pre^2)","tmx","I(tmx^2)","df","logLik","AICc","delta","weight","cw","any_u_shaped"
-3.97424694127884,0.00595777271797755,-5.90991681978691e-05,0.608053234912881,-0.0221113779088118,8,-1145.19855348098,2306.46610552449,0,0.875476961211536,0.875476961211536,FALSE
0.176073880731009,0.00666915602012182,-6.62664211985315e-05,NA,NA,6,-1149.48584758249,2311.01190579207,4.5458002675814,0.0901855038163011,0.965662465027837,FALSE
0.219405513600519,0.00655298796932386,-6.55200318368393e-05,-0.00293868596730355,NA,7,-1149.444763275,2312.94316639675,6.47706087226197,0.034337511977625,0.999999977005462,FALSE
-5.67547209896304,0.00171758642792236,NA,0.878444150912215,-0.0324916913510149,7,-1163.66167204348,2341.37698393371,34.9108784092177,2.29849623154354e-08,0.999999999990424,FALSE
0.531529379060176,0.00192658812962636,NA,-0.022127934002729,NA,6,-1173.14335416475,2358.3269189566,51.8608134321084,4.79526013067345e-12,0.999999999995219,FALSE
-6.02312843565829,NA,NA,0.962591353610997,-0.036465064863068,6,-1173.41498185872,2358.87017434453,52.4040688200412,3.65464975848635e-12,0.999999999998874,FALSE
0.207863882870776,0.00244313382744821,NA,NA,NA,5,-1175.59803345981,2361.2247750536,54.7586695291061,1.12603195526228e-12,1,FALSE
0.999822026704714,NA,NA,-0.0517085123321662,NA,5,-1185.43815957287,2380.90502727971,74.4389217552193,5.99843895181847e-17,1,FALSE
0.278042001951717,NA,NA,NA,NA,4,-1205.89755527005,2419.81424014317,113.34813461868,2.13309413864601e-25,1,FALSE
