"(Intercept)","pre","I(pre^2)","tmx","I(tmx^2)","df","logLik","AICc","delta","weight","cw","any_u_shaped"
-5.98709720310968,0.00868046524748639,-0.000169817952343553,0.929525617458717,-0.0353915399051133,8,-3574.77601375426,7165.5724472476,0,0.999999999999957,0.999999999999957,FALSE
-5.57180886942719,0.00298446501954103,NA,0.876282225244118,-0.0335863791616154,7,-3606.55516945856,7227.12621868459,61.5537714369902,4.3029704366198e-14,1,FALSE
0.384709928153857,0.00841887361813297,-0.000157014128404207,-0.0224593485693507,NA,7,-3622.03932919556,7258.09453815859,92.5220909109894,8.11116491689708e-21,1,FALSE
0.0739008462696799,0.00937418920126411,-0.000173768829383957,NA,NA,6,-3636.77529914228,7285.56250642179,119.990059174195,8.80014258102015e-27,1,FALSE
-5.69865167577472,NA,NA,0.910038928628086,-0.0351112087046073,6,-3643.01914653181,7298.05020120084,132.477753953242,1.70931160657268e-29,1,FALSE
0.468502684049403,0.00314425386598455,NA,-0.0268096145995363,NA,6,-3648.90739894458,7309.82670602638,144.254258778781,4.73789804256953e-32,1,FALSE
0.100537598476575,0.00362260282679539,NA,NA,NA,5,-3670.14913130857,7350.3067672238,184.734319976202,7.68160741935702e-41,1,FALSE
0.624191664422397,NA,NA,-0.0344615099951554,NA,5,-3688.8864098954,7387.78132439747,222.208877149873,5.59700135370461e-49,1,FALSE
0.161581873381465,NA,NA,NA,NA,4,-3725.05073240897,7458.10713375219,292.534686504592,2.99847162141985e-64,1,FALSE
