"(Intercept)","pre","I(pre^2)","tmx","I(tmx^2)","df","logLik","AICc","delta","weight","cw","any_u_shaped"
-6.43169068539942,0.00824381863895539,-0.000170263943524289,0.964919528017416,-0.0354885373278054,8,-3575.1234554957,7166.26733073049,0,0.999999999999963,0.999999999999963,FALSE
-5.97956159528921,0.00298606667537275,NA,0.907257337107176,-0.0335846498025685,7,-3607.05554754359,7228.12697485466,61.8596441241652,3.69274188295819e-14,1,FALSE
0.40690612361215,0.00799887668212566,-0.00015694365428622,-0.022524879711944,NA,7,-3621.95133235816,7257.91854448379,91.6512137533036,1.25369473959769e-20,1,FALSE
0.0860388006280876,0.00891112681673714,-0.000173708922700136,NA,NA,6,-3636.77473128799,7285.56137071321,119.294039982718,1.24631653182515e-26,1,FALSE
-6.12731802826242,NA,NA,0.942578035294266,-0.0351151608733977,6,-3643.5505394338,7299.11298700483,132.845656274343,1.42210697863045e-29,1,FALSE
0.48580685256579,0.00314405774534904,NA,-0.0268641053636705,NA,6,-3648.79773249925,7309.60737313573,143.340042405236,7.48350880213017e-32,1,FALSE
0.105328244523659,0.00362336920664859,NA,NA,NA,5,-3670.12594715341,7350.26039891348,183.993068182992,1.1127891687683e-40,1,FALSE
0.640863919711699,NA,NA,-0.034516476835653,NA,5,-3688.77074710462,7387.5499988159,221.28266808541,8.893631990921e-49,1,FALSE
0.161581873381465,NA,NA,NA,NA,4,-3725.05073240897,7458.10713375219,291.839803021698,4.24416220885754e-64,1,FALSE
