"(Intercept)","pre","I(pre^2)","tmx","I(tmx^2)","df","logLik","AICc","delta","weight","cw","any_u_shaped"
-5.50911734299871,0.00281055197655225,-2.50548060614285e-05,0.811807602392021,-0.0293389680293515,8,-3404.28667488308,6824.59514813128,0,0.999955123304551,0.999955123304551,FALSE
-6.25975887414502,0.00104363128582596,NA,0.930602705321645,-0.0338921751599861,7,-3415.30066533127,6844.61828238041,20.023134249127,4.48757946934706e-05,0.999999999099245,FALSE
-6.49362093716769,NA,NA,0.98484249560933,-0.0364163919303182,6,-3427.44799690576,6866.90870567592,42.3135575446422,6.48198817164137e-10,0.999999999747444,FALSE
0.0725523283715323,0.00353296553021543,-3.32680009320837e-05,NA,NA,6,-3428.71699370276,6869.44669926992,44.8515511386422,1.82217434473308e-10,0.999999999929661,FALSE
0.0468829381841189,0.00360385466602492,-3.37269679349801e-05,0.00174218217166324,NA,7,-3428.66674996139,6871.35045164066,46.7553035093833,7.03388644745742e-11,1,FALSE
0.205508064508057,0.00126573747439415,NA,-0.00809652248524916,NA,6,-3449.52957121561,6911.07185429562,86.4767061643424,1.66648864825322e-19,1,FALSE
0.0871421941252599,0.00146245385393759,NA,NA,NA,5,-3450.69728278027,6911.40364408981,86.808495958534,1.41174130413615e-19,1,FALSE
0.510644384744607,NA,NA,-0.0274083990269218,NA,5,-3467.44477684211,6944.8986322135,120.303484082217,7.52334303744047e-27,1,FALSE
0.128980064384125,NA,NA,NA,NA,4,-3488.52497261898,6985.05599667518,160.460848543896,1.43334246528659e-35,1,FALSE
