"(Intercept)","pre","I(pre^2)","tmx","I(tmx^2)","df","logLik","AICc","delta","weight","cw","any_u_shaped"
-5.05791111851045,0.0193137728962051,-0.00052975134878507,0.759695580245482,-0.0276046034525686,8,-1437.46628500601,2890.99850407795,0,0.888160905295514,0.888160905295514,FALSE
0.147761130458813,0.0190994880927104,-0.00052037336030646,NA,NA,6,-1441.88692071036,2895.81226777021,4.81376369226518,0.080019558024588,0.968180463320102,FALSE
0.199675576201217,0.0189830639153157,-0.000518430925432707,-0.00367984165851211,NA,7,-1441.80269521244,2897.65664900613,6.65814492817572,0.0318195366798979,1,FALSE
-2.94914465094434,0.00290299577618525,NA,0.473136964142457,-0.0176543008406387,7,-1508.00168550481,3030.05462959085,139.056125512899,5.66027667550561e-31,1,FALSE
0.410470534049464,0.00291547513796591,NA,-0.0149258676232995,NA,6,-1509.66605219783,3031.37053074515,140.372026667202,2.93152333203234e-31,1,FALSE
0.200695017878586,0.00314623200988174,NA,NA,NA,5,-1510.96956512379,3031.96656508982,140.968061011874,2.17603632892135e-31,1,FALSE
-2.87539259112057,NA,NA,0.475919521283833,-0.0180007939138244,6,-1515.4896667612,3043.0177598719,152.019255793951,8.66821521524521e-34,1,FALSE
0.550796122925579,NA,NA,-0.0217538670215007,NA,5,-1517.20561328228,3044.43866140682,153.440157328867,4.25975712019138e-34,1,FALSE
0.250364112494878,NA,NA,NA,NA,4,-1520.05155115492,3048.12138384549,157.122879767538,6.75603391067512e-35,1,FALSE
