"(Intercept)","pre","I(pre^2)","tmx","I(tmx^2)","df","logLik","AICc","delta","weight","cw","any_u_shaped"
-0.26606339995156,0.00849341051826103,-9.93472446190644e-05,0.0296682327860573,NA,7,-1465.57093432526,2945.19315070181,0,0.499730495046445,0.499730495046445,FALSE
2.24643267826881,0.00886494252100463,-0.000103521030682297,-0.338424497278077,0.0134016419356107,8,-1464.67042511555,2945.40681450045,0.213663798638208,0.449096166401857,0.948826661448301,TRUE
0.166667908973898,0.0073519373855859,-9.24924212582228e-05,NA,NA,6,-1468.85620366113,2949.75085125819,4.55770055638277,0.0511733385516985,1,FALSE
0.207754055997097,0.00145390553557689,NA,NA,NA,5,-1511.06704951045,3032.1615464134,86.9683957115963,6.51311390511668e-20,1,FALSE
-2.52863105048411,0.00139473476600256,NA,0.398039866502986,-0.0144088464758026,7,-1509.97936035043,3034.01000275215,88.8168520503423,2.5846484405508e-20,1,FALSE
0.193475060306679,0.00147731770948304,NA,0.000985959285248345,NA,6,-1511.06334267783,3034.16512929159,88.9719785897796,2.3917521851752e-20,1,FALSE
-2.90507017895779,NA,NA,0.480294632283154,-0.0181682378470315,6,-1514.76510879739,3041.56866153071,96.375510828906,5.90282054782251e-22,1,FALSE
0.552544849986408,NA,NA,-0.0219705580097823,NA,5,-1516.50860187741,3043.04465114732,97.8515004455135,2.82197074700764e-22,1,FALSE
0.249235410086401,NA,NA,NA,NA,4,-1519.40774140322,3046.83377270127,101.640621999467,4.24380300909549e-23,1,FALSE
