"(Intercept)","pre","I(pre^2)","tmx","I(tmx^2)","df","logLik","AICc","delta","weight","cw","any_u_shaped"
-4.7113184481868,0.020720526695231,-0.000529397290067114,0.730036903249057,-0.0274524267896051,8,-1437.50674361689,2891.07942129971,0,0.888107000331366,0.888107000331366,FALSE
0.121360580023183,0.0204851217304169,-0.000520287832317858,NA,NA,6,-1441.92519052993,2895.88880740935,4.80938610963267,0.0801900287053396,0.968297029036706,FALSE
0.169957368960866,0.020367777004976,-0.000518413496573073,-0.00355088129998433,NA,7,-1441.84676319311,2897.74478496746,6.66536366774108,0.0317029709632944,1,FALSE
-2.77457396641221,0.00290695634205771,NA,0.462270595038181,-0.0178576542828734,7,-1507.96999671923,3029.9912520197,138.911830719983,6.08337399497426e-31,1,FALSE
0.397642523126506,0.00291758317739556,NA,-0.0147790424571754,NA,6,-1509.69264790812,3031.42372216574,140.344300866027,2.97226533882698e-31,1,FALSE
0.196498861085981,0.00314605314501318,NA,NA,NA,5,-1510.97067780713,3031.9687904565,140.889369156791,2.26322380001462e-31,1,FALSE
-2.685325626442,NA,NA,0.463183915976032,-0.0181465039088298,6,-1515.47930565804,3042.99703766558,151.917616365864,9.1195634123269e-34,1,FALSE
0.538747597848872,NA,NA,-0.021609166708385,NA,5,-1517.24329149352,3044.51401782929,153.434596529577,4.27135817155148e-34,1,FALSE
0.250364112494878,NA,NA,NA,NA,4,-1520.05155115492,3048.12138384549,157.041962545773,7.03455149054501e-35,1,FALSE
