"(Intercept)","pet","I(pet^2)","pre","I(pre^2)","df","logLik","AICc","delta","weight","cw","any_u_shaped"
-0.279569614617132,0.476505414409304,-0.185248894459693,0.024941603423436,-0.000506672439194867,8,-1439.96098382098,2895.9879017079,0,0.418790616485623,0.418790616485623,FALSE
0.00605309996159996,NA,NA,0.0256677304215981,-0.000519814387375897,6,-1442.10123008253,2896.24088651456,0.252984806669247,0.369030268707341,0.787820885192964,FALSE
0.0621583467110257,-0.0356006176672046,NA,0.0252044915057812,-0.000514322444845218,7,-1441.64826183723,2897.3477822557,1.3598805478041,0.212179114807036,1,FALSE
-0.2318930725316,0.727903533001836,-0.295917983943466,0.00268841715620686,NA,7,-1504.0564507071,3022.16415999543,126.176258287539,1.67174711148236e-28,1,FALSE
0.320181686343043,-0.0915254660958893,NA,0.00257015914977705,NA,6,-1508.11781461996,3028.27405558942,132.286153881526,7.87813848507712e-30,1,FALSE
0.180681573173445,NA,NA,0.00314917592585921,NA,5,-1510.95258791365,3031.93261066955,135.944708961652,1.26467364789468e-30,1,FALSE
-0.0791387869424546,0.633078079553624,-0.276694815898357,NA,NA,6,-1510.08342663498,3032.20527961946,136.217377911567,1.10349192392052e-30,1,FALSE
0.432246150126619,-0.131401032399009,NA,NA,NA,5,-1513.62303881167,3037.27351246559,141.285610757696,8.75419829994472e-32,1,FALSE
0.250364112494878,NA,NA,NA,NA,4,-1520.05155115492,3048.12138384549,152.133482137592,3.86038873535706e-34,1,FALSE
