"(Intercept)","pre","I(pre^2)","tmx","I(tmx^2)","df","logLik","AICc","delta","weight","cw","any_u_shaped"
-3.17581496168583,0.0147161618030243,-0.000503246138951414,0.434558662966037,-0.0138382220590493,8,-1434.69965793534,2885.46521976084,0,0.949543605218346,0.949543605218346,FALSE
0.4929101658095,0.0144268510025017,-0.000496997412925391,-0.0173560072899545,NA,7,-1438.73183740964,2891.51490995194,6.04969019109922,0.0461149115220535,0.9956585167404,FALSE
0.203874570207767,0.0157222401884051,-0.000520961814530922,NA,NA,6,-1442.10117088983,2896.24075055882,10.7755307979792,0.0043414832596002,1,FALSE
-2.18845929549777,0.00190357347147081,NA,0.330138313845218,-0.0111191817165338,7,-1497.04781775024,3008.14687063314,122.6816508723,2.17536887814028e-27,1,FALSE
0.756746460678366,0.00179936281760352,NA,-0.0328244988677389,NA,6,-1499.49694464444,3011.03229806804,125.567078307201,5.14008504396822e-28,1,FALSE
-1.87761577097896,NA,NA,0.300503931844714,-0.0103894637705891,6,-1499.99643000597,3012.03126879109,126.566049030248,3.11922403240425e-28,1,FALSE
0.868274848111958,NA,NA,-0.0383406540690986,NA,5,-1502.13536689335,3014.29815609017,128.832936329335,1.00414919796733e-28,1,FALSE
0.210646025134327,0.00315423138796679,NA,NA,NA,5,-1511.26299833037,3032.55341896421,147.088199203376,1.09073256528175e-32,1,FALSE
0.250291596240708,NA,NA,NA,NA,4,-1520.38719099729,3048.79265517868,163.327435417847,3.24648156159535e-36,1,FALSE
