"(Intercept)","pre","I(pre^2)","tmx","I(tmx^2)","df","logLik","AICc","delta","weight","cw","any_u_shaped"
-3.74699508713852,0.00622609101561349,-0.000159604921521229,0.495762362361675,-0.0155923927066106,8,-1542.38538875863,3100.79377336524,0,1,1,FALSE
-3.62953643961474,0.00209999743641723,NA,0.488204449297009,-0.015545065878153,7,-1578.55581416361,3171.129511131,70.3357377657567,5.33075353856468e-16,1,FALSE
0.406623339433816,0.00641163004332154,-0.000159096389326813,-0.0148175955877858,NA,7,-1584.94782886244,3183.91354052864,83.1197671634045,8.92836408720726e-19,1,FALSE
0.158287121825377,0.0076712204373031,-0.000185627416321157,NA,NA,6,-1599.588251359,3211.18991267968,110.39613931444,1.0660631611915e-24,1,FALSE
-3.71450213840958,NA,NA,0.508216714080953,-0.0163494424401075,6,-1601.45380621831,3214.92102239831,114.127249033072,1.65037545137412e-25,1,FALSE
0.511142859693515,0.0022981037822879,NA,-0.0208062781527993,NA,6,-1620.33762732702,3252.68866461572,151.894891250484,1.0385883585365e-33,1,FALSE
0.653345337146364,NA,NA,-0.0277637194691724,NA,5,-1647.45616927903,3304.92191557322,204.128142207978,4.72212108345335e-45,1,FALSE
0.16345824176511,0.00316164339952724,NA,NA,NA,5,-1650.82427033381,3311.65811768279,210.864344317547,1.62700698100982e-46,1,FALSE
0.204211802049331,NA,NA,NA,NA,4,-1708.54761887953,3425.10162141689,324.307848051655,3.77959770511581e-71,1,FALSE
