"(Intercept)","pre","I(pre^2)","tmx","I(tmx^2)","df","logLik","AICc","delta","weight","cw","any_u_shaped"
-1.71147967305314,0.00385185834074908,-4.15440631249899e-05,0.288076699274054,-0.0110964164750233,8,-921.787179488163,1859.60377674956,0,0.989404709536042,0.989404709536042,FALSE
0.403605030613096,0.00414222290050746,-4.46387189131845e-05,-0.0193202431256616,NA,7,-927.327602207593,1868.67808023218,9.07430348261619,0.0105904401068063,0.999995149642848,FALSE
0.117743886324695,0.00491265297064759,-4.96473555702825e-05,NA,NA,6,-936.019118091079,1884.05538954136,24.451612791793,4.85035715216554e-06,1,FALSE
-2.75687891246356,0.00086921428860852,NA,0.456009562039667,-0.0175753709857433,7,-964.96550405894,1943.95388393487,84.3501071853104,4.77508299065598e-19,1,FALSE
-2.92118888419941,NA,NA,0.496782118238473,-0.0195142867646172,6,-977.102998499207,1966.22315035761,106.61937360805,6.97061605570013e-24,1,FALSE
0.616467169667973,0.000982236455046864,NA,-0.0322910831070966,NA,6,-979.194186488094,1970.40552633539,110.801749585823,8.6115188802021e-25,1,FALSE
0.854714610890401,NA,NA,-0.0473048086239942,NA,5,-994.799657025471,1999.61156394886,140.007787199295,3.91804366023143e-31,1,FALSE
0.142893614150226,0.00173399388322537,NA,NA,NA,5,-1004.72805318686,2019.46835627164,159.864579522077,1.91082803357419e-35,1,FALSE
0.192333501899756,NA,NA,NA,NA,4,-1078.1064981569,2164.22116124543,304.617384495862,7.05585072313445e-67,1,FALSE
