"(Intercept)","pre","I(pre^2)","tmx","I(tmx^2)","df","logLik","AICc","delta","weight","cw","any_u_shaped"
-2.00710198900716,0.00672247322653885,-0.000141963717514144,0.374258312167497,-0.0158563586348898,8,-1457.59633114019,2931.21565812834,0,0.999999972972543,0.999999972972543,FALSE
0.863236530368567,0.00668997755215804,-0.000138613007017667,-0.0534942120949877,NA,7,-1476.02530343049,2966.06848966475,34.8528315364065,2.70273696069766e-08,0.999999999999913,FALSE
-1.81468801816151,0.00185783443210649,NA,0.353173315991036,-0.0152202156473574,7,-1488.67164711419,2991.36117703214,60.1455189037997,8.70094658825267e-14,1,FALSE
0.938749242636549,0.00193690842511065,NA,-0.0573291955232227,NA,6,-1505.49295258826,3022.9993151382,91.7836570098571,1.17336222934924e-20,1,FALSE
-1.85414596348155,NA,NA,0.369010528741601,-0.0159953652794978,6,-1508.68881655006,3029.39104306181,98.1753849334691,4.8027062067108e-22,1,FALSE
1.04403754961102,NA,NA,-0.0626260596011602,NA,5,-1527.15948477887,3064.32854657291,133.112888444565,1.24423819058187e-29,1,FALSE
0.118675004493843,0.00929207956615359,-0.000181879323815906,NA,NA,6,-1601.41080915258,3214.83502826686,283.619370138511,2.5872374099075e-62,1,FALSE
0.148335526368861,0.00316263528340012,NA,NA,NA,5,-1650.78047721935,3311.57053145386,380.354873325516,2.55263466748867e-83,1,FALSE
0.204211802049331,NA,NA,NA,NA,4,-1708.54761887953,3425.10162141689,493.88596328855,5.67578211818989e-108,1,FALSE
