"(Intercept)","pet","I(pet^2)","pre","I(pre^2)","df","logLik","AICc","delta","weight","cw","any_u_shaped"
0.343816544852361,-0.0898084644973978,-0.040349574291701,0.00693230974369958,-0.000129129305266172,8,-1470.80355139487,2957.63009863771,0,0.567497999252523,0.567497999252523,FALSE
0.430352054597813,-0.210819632074712,NA,0.00703544227840425,-0.000131201062711221,7,-1472.07775818846,2958.1733991807,0.54330054298498,0.432502000723117,0.999999999975639,FALSE
0.388967692830314,-0.0678841602124446,-0.0531719486906771,0.00115640899738437,NA,7,-1495.94237697325,3005.90263675026,48.2725381125465,1.86945867711696e-11,0.999999999994334,FALSE
0.504549453411681,-0.227702091402536,NA,0.00117027090218065,NA,6,-1498.14733685991,3008.30808368151,50.6779850437943,5.61538717131487e-12,0.999999999999949,FALSE
0.436149392989712,-0.0795028377489452,-0.055245935704523,NA,NA,6,-1503.07865986221,3018.17072968611,60.5406310484013,4.05259623954504e-14,0.99999999999999,FALSE
0.556883364645855,-0.245776768155744,NA,NA,NA,5,-1505.45348836686,3020.91655374888,63.2864551111711,1.02679848150483e-14,1,FALSE
0.0675034378215485,NA,NA,0.0111887014775764,-0.000184165043551223,6,-1600.39224539164,3212.79790074497,255.167802107257,2.21299344463967e-56,1,FALSE
0.132910514948509,NA,NA,0.00316279322354526,NA,5,-1650.78157697345,3311.57273096207,353.942632324354,7.87586512782714e-78,1,FALSE
0.204211802049331,NA,NA,NA,NA,4,-1708.54761887953,3425.10162141689,467.471522779181,1.75312522947377e-102,1,FALSE
