"(Intercept)","pre","I(pre^2)","tmx","I(tmx^2)","df","logLik","AICc","delta","weight","cw","any_u_shaped"
-2.64567998796446,0.00552652523109625,-0.000117783705802115,0.425035948433437,-0.0163190575181381,8,-1510.39769798571,3036.82131856368,0,0.999997293003064,0.999997293003064,FALSE
0.505441222362387,0.00545041678637843,-0.000113199030175354,-0.0295496935766003,NA,7,-1524.23544175213,3062.49104189158,25.6697233279033,2.66617853534897e-06,0.999999959181599,FALSE
-2.42612233832283,0.00183112573772098,NA,0.398564220479932,-0.0154821601437131,7,-1528.41472171045,3070.84960180822,34.0282832445432,4.08179325312988e-08,0.999999999999531,FALSE
0.561255482323197,0.00189549786022086,NA,-0.0325915889805046,NA,6,-1540.81363973904,3093.64239554791,56.8210769842303,4.58626060855645e-13,0.99999999999999,FALSE
-2.46816405031895,NA,NA,0.413700782742159,-0.016198850127578,6,-1544.64775272183,3101.31062151349,64.4893029498094,9.91572829374518e-15,1,FALSE
0.0829870323861174,0.00670952730847659,-0.000135138963066471,NA,NA,6,-1555.15273214222,3122.32058035427,85.499261790585,2.71687728715555e-19,1,FALSE
0.661067289905138,NA,NA,-0.0375927960430938,NA,5,-1558.13489735446,3126.28058995901,89.4592713953275,3.75115373457247e-20,1,FALSE
0.0979932640603097,0.00253682658238266,NA,NA,NA,5,-1578.88914517243,3167.78908559496,130.967767031277,3.63671744583885e-29,1,FALSE
0.138553365841238,NA,NA,NA,NA,4,-1610.95323920891,3229.91367395659,193.092355392912,1.17632303607204e-42,1,FALSE
