"(Intercept)","pre","I(pre^2)","tmx","I(tmx^2)","df","logLik","AICc","delta","weight","cw","any_u_shaped"
-3.17051838147252,0.00215589284352761,-1.51735686652465e-05,0.479229566350783,-0.0175538720047859,8,-1054.31511337999,2124.66088462671,0,0.984881277696578,0.984881277696578,FALSE
-3.59777463092156,0.00106779567768095,NA,0.547183073267161,-0.0201636937456906,7,-1059.49949313174,2133.02282619537,8.36194156865622,0.0150525937618009,0.999933871458379,FALSE
0.0727373516844347,0.00286060508539725,-2.17013021657421e-05,NA,NA,6,-1066.50486489625,2145.02760593635,20.3667213096428,3.7222586008776e-05,0.999971094044388,FALSE
0.162009655354922,0.00262056894343885,-2.01697079818307e-05,-0.00605467001236956,NA,7,-1065.75509988872,2145.53403970933,20.8731550826205,2.88958747097511e-05,0.999999989919097,FALSE
0.257273330966923,0.00119642648684388,NA,-0.0119156768849401,NA,6,-1075.31508654142,2162.64804922671,37.987164599997,5.55361663578297e-09,0.999999995472714,FALSE
-3.81535293424738,NA,NA,0.599629568770966,-0.0226361804345358,6,-1075.67966824986,2163.37721264357,38.7163280168656,3.85691504648317e-09,0.999999999329629,FALSE
0.083009625204427,0.00147657882666503,NA,NA,NA,5,-1078.43201508735,2166.87679613215,42.2159115054451,6.70370931219035e-10,1,FALSE
0.547370569946905,NA,NA,-0.0302356540306692,NA,5,-1095.7337857541,2201.48033746564,76.8194528389354,2.0523510426625e-17,1,FALSE
0.1257419744361,NA,NA,NA,NA,4,-1126.53444796605,2261.07740476001,136.416520133305,2.34916171580134e-30,1,FALSE
