"(Intercept)","pre","I(pre^2)","tmx","I(tmx^2)","df","logLik","AICc","delta","weight","cw","any_u_shaped"
-2.4774610678004,0.0058463073161328,-0.000118013866173832,0.412407359132459,-0.016405632083085,8,-1510.05162169218,3036.12916597662,0,0.999998051695243,0.999998051695243,FALSE
0.483657551592227,0.00576368200102657,-0.00011357720139977,-0.0294966612303372,NA,7,-1524.22295483178,3062.46606805089,26.3369020742743,1.90991277317406e-06,0.999999961608016,FALSE
-2.27179238226213,0.00183095710006476,NA,0.387772429243119,-0.0156089312107036,7,-1528.12992701594,3070.2800124192,34.1508464425847,3.83916760800567e-08,0.999999999999692,FALSE
0.543311886356448,0.00189607404832492,NA,-0.0325575911742755,NA,6,-1540.89820866835,3093.81153340652,57.6823674299053,2.98148215900266e-13,0.999999999999991,FALSE
-2.3034098439792,NA,NA,0.402067477851065,-0.0163187706107466,6,-1544.36307576369,3100.74126759719,64.6121016205766,9.32523005791593e-15,1,FALSE
0.0738109757569428,0.00708116201377966,-0.000135560604457939,NA,NA,6,-1555.02780433887,3122.07072474757,85.9415587709486,2.17784407950154e-19,1,FALSE
0.643324688169322,NA,NA,-0.0375585800351971,NA,5,-1558.23034182684,3126.47147890377,90.34231292715,2.41221026111595e-20,1,FALSE
0.0946602158916889,0.00253659882267773,NA,NA,NA,5,-1578.89582171219,3167.80243867446,131.673272697848,2.55570828268476e-29,1,FALSE
0.138553365841238,NA,NA,NA,NA,4,-1610.95323920891,3229.91367395659,193.784507979976,8.3220037439741e-43,1,FALSE
