"(Intercept)","pet","I(pet^2)","pre","I(pre^2)","df","logLik","AICc","delta","weight","cw","any_u_shaped"
0.504867604109766,0.252613741917641,-0.13735003766561,0.00259941637956031,-3.92353374896052e-05,8,-195.267147182296,406.561306182262,0,0.910741688060862,0.910741688060862,FALSE
0.516906984582904,0.261389300300112,-0.142128029476168,0.000856189168187263,NA,7,-198.602636333746,411.226277918805,4.66497173654261,0.0883912905056865,0.999132978566549,FALSE
0.551456976472529,0.252459037087438,-0.143590611843917,NA,NA,6,-204.229964823067,420.475680630571,13.914374448309,0.000866816551301135,0.99999979511785,FALSE
0.78595174997313,-0.149481690761486,NA,0.00292445511029718,-4.5965646501651e-05,7,-211.605453426986,437.231912105285,30.6706059230228,1.99231388558635e-07,0.999999994349238,FALSE
0.811660970661981,-0.155623450738525,NA,0.000883279873997175,NA,6,-216.177858520687,444.37146802581,37.8101618435476,5.61077550159991e-09,0.999999999960014,FALSE
0.850448790064911,-0.169267877708447,NA,NA,NA,5,-222.124025100056,454.259298794038,47.6979926117762,3.99859779108784e-11,1,FALSE
0.537278270182577,NA,NA,0.00549541823331881,-7.93505770925124e-05,6,-290.951109032581,593.917969049599,187.356662867337,1.88544036589412e-41,1,FALSE
0.564831971287205,NA,NA,0.00205117736030113,NA,5,-304.512098136696,619.035444867318,212.474138685056,6.62555444763637e-47,1,FALSE
0.609894157452354,NA,NA,NA,NA,4,-339.247083348506,686.501664353994,279.940358171732,1.48292370754864e-61,1,FALSE
