"(Intercept)","pre","I(pre^2)","tmx","I(tmx^2)","df","logLik","AICc","delta","weight","cw","any_u_shaped"
-5.05117403392505,0.0014810727243574,-1.39436243483698e-05,0.839045325410289,-0.0310110696763639,8,-25.4104734086559,66.8508533593678,0,0.998181853141071,0.998181853141071,FALSE
-5.4679964050731,0.000475067821639104,NA,0.905197656567998,-0.0335493228014167,7,-32.7346242324948,79.492504278943,12.6416509195751,0.00179518847692513,0.999977041617996,FALSE
-5.57493762678827,NA,NA,0.930040955095702,-0.0347043911853894,6,-38.096715217398,88.2108686743642,21.3600153149964,2.29583820042954e-05,1,FALSE
0.824518804047067,0.00233243299597025,-2.30787797982951e-05,-0.0174377845642885,NA,7,-83.3867967269525,180.796849267859,113.945995908491,1.80364491262855e-25,1,FALSE
0.567420874940191,0.00303382883713338,-2.76018114679431e-05,NA,NA,6,-93.5964531540139,199.210344547596,132.359491188228,1.81013658004476e-29,1,FALSE
0.936566146751121,0.000694985946126876,NA,-0.0243448128607548,NA,6,-103.950798559941,219.919035359451,153.068182000083,5.76602168507841e-34,1,FALSE
1.10534185650246,NA,NA,-0.0349885338052251,NA,5,-115.21001324928,240.432479798684,173.581626439316,2.02506239498417e-38,1,FALSE
0.580696935191714,0.00127084110878606,NA,NA,NA,5,-125.255423743627,260.523300787379,193.672447428011,8.78561287532426e-43,1,FALSE
0.61850304389386,NA,NA,NA,NA,4,-183.048688432134,374.105677341546,307.254823982178,1.90402380290694e-67,1,FALSE
