"(Intercept)","pre","I(pre^2)","tmx","I(tmx^2)","df","logLik","AICc","delta","weight","cw","any_u_shaped"
-3.15073544895873,0.00243942784506226,-5.19220358459964e-05,0.479143352039325,-0.0152173452519789,8,-204.889497306252,425.806006430175,0,0.990895033925185,0.990895033925185,FALSE
-3.09386753854001,0.00111224471141734,NA,0.474187481874482,-0.0151211828540217,7,-210.5825253932,435.186056037712,9.38004960753733,0.00910281590351204,0.999997849828697,FALSE
-3.08765742905884,NA,NA,0.478410690577953,-0.0153525139060221,6,-219.935944096489,451.887639177415,26.0816327472394,2.15017130290114e-06,1,FALSE
0.89749807172671,0.00245785549261112,-4.89643615805952e-05,-0.0188437789942068,NA,7,-257.082544924286,528.186095099884,102.380088669709,5.81398448978568e-23,1,FALSE
0.927002895099243,0.00120570552600065,NA,-0.0205499768432268,NA,6,-262.034173946175,536.084098876786,110.278092446611,1.12058328390115e-24,1,FALSE
1.00053588162635,NA,NA,-0.0241814090590483,NA,5,-272.792857146176,555.596962886278,129.790956456103,6.49052096314152e-29,1,FALSE
0.582871953295041,0.0039695079273813,-7.94755489381766e-05,NA,NA,6,-290.911289106507,593.83832919745,168.032322767275,3.22308955132507e-37,1,FALSE
0.584616551237318,0.00205098126423421,NA,NA,NA,5,-304.519010627115,619.049269848155,193.24326341798,1.08090162103654e-42,1,FALSE
0.609894157452354,NA,NA,NA,NA,4,-339.247083348506,686.501664353994,260.695657923819,2.43604219016222e-57,1,FALSE
