"(Intercept)","pre","I(pre^2)","tmx","I(tmx^2)","df","logLik","AICc","delta","weight","cw","any_u_shaped"
-4.91519330140261,0.00329640115709549,-6.36783896635234e-05,0.826295969712117,-0.0308671375330697,8,-153.826821275024,323.680654367719,0,0.999688444870327,0.999688444870327,FALSE
-4.79041388593151,0.00130499215586101,NA,0.811147155695671,-0.0303856493991149,7,-162.903448913528,339.82790307837,16.1472487106503,0.000311554598504413,0.999999999468832,FALSE
-4.82661339680745,NA,NA,0.822650464717646,-0.0309181724075035,6,-177.188082299062,366.391915582561,42.7112612148422,5.31168291850653e-10,1,FALSE
1.03779256424617,0.0031563637644189,-5.54134509288093e-05,-0.0329515169500807,NA,7,-229.314215197835,472.649435646984,148.968781279264,4.48440501446298e-33,1,FALSE
1.06560779824184,0.00142179545042758,NA,-0.0344730070362135,NA,6,-235.987857693895,483.991466372227,160.310812004508,1.54459331453997e-35,1,FALSE
1.1381365008833,NA,NA,-0.0380939286420169,NA,5,-252.442260561304,514.895769716533,191.215115348814,3.00628358841195e-42,1,FALSE
0.568726719096491,0.00449631012087134,-7.9430376065643e-05,NA,NA,6,-290.959815547256,593.935382078948,270.254727711229,2.06441114793193e-59,1,FALSE
0.577719527106015,0.00204958195253681,NA,NA,NA,5,-304.566660226814,619.144569047553,295.463914679834,6.92932288768113e-65,1,FALSE
0.609894157452354,NA,NA,NA,NA,4,-339.247083348506,686.501664353994,362.821009986275,1.6378849579444e-79,1,FALSE
