"(Intercept)","pre","I(pre^2)","tmx","I(tmx^2)","df","logLik","AICc","delta","weight","cw","any_u_shaped"
-3.88817178720204,0.00503090120590237,-9.07231166574555e-05,0.690216519829402,-0.0263659719970118,8,207.68023812204,-399.338318989119,0,0.999999999929599,0.999999999929599,FALSE
-3.72983623803074,0.00195699975920513,NA,0.671419196837466,-0.0257628228654202,7,183.300961965466,-352.584693161701,46.7536258274177,7.04010517124191e-11,1,FALSE
-3.77111115104248,NA,NA,0.687677410421751,-0.0265584221295664,6,140.774978086291,-269.537035083518,129.801283905601,6.51642390054781e-29,1,FALSE
0.872063311866974,0.00491626842553743,-8.40682507379098e-05,-0.0200017021557293,NA,7,128.210280817075,-242.403330864919,156.9349881242,8.35603633971295e-35,1,FALSE
0.91794300406585,0.0020654447888219,NA,-0.022368766633101,NA,6,107.811278045352,-203.609635001641,195.728683987478,3.14815637883083e-43,1,FALSE
0.594550791829662,0.00580797894367599,-9.92881460358802e-05,NA,NA,6,97.3598068769097,-182.706692664756,216.631626324362,9.099971680296e-48,1,FALSE
0.610266111691117,0.002494608293356,NA,NA,NA,5,68.6822117975244,-127.355195665181,271.983123323938,8.70192197217012e-60,1,FALSE
1.02608947137994,NA,NA,-0.0278330942592003,NA,5,61.6497620446789,-113.29029615949,286.048022829629,7.68176580870825e-63,1,FALSE
0.652269700272676,NA,NA,NA,NA,4,-0.878795704782533,9.7637424167925,409.102061405911,1.46088522933514e-89,1,FALSE
