"(Intercept)","pre","I(pre^2)","tmx","I(tmx^2)","df","logLik","AICc","delta","weight","cw","any_u_shaped"
-2.84735975415896,0.00405284573972499,-8.66242818603406e-05,0.436760386569163,-0.0136416980564984,8,169.448444620906,-322.87473198685,0,0.999999998090644,0.999999998090644,FALSE
-2.75831818010586,0.00184517673393185,NA,0.429286986529642,-0.0135070983870346,7,148.36948144326,-282.72173211729,40.1529998695606,1.90935578582486e-09,1,FALSE
-2.78720495488049,NA,NA,0.441063432212973,-0.0140365094737586,6,113.994311195729,-215.975701302395,106.899030684455,6.12590737135066e-24,1,FALSE
0.781418638006663,0.00411616688203622,-8.42934005674455e-05,-0.00968964175855268,NA,7,109.980503687966,-205.943776606701,116.930955380149,4.06224073223391e-26,1,FALSE
0.619620122542832,0.00490541243794152,-0.000100452493075152,NA,NA,6,97.8312534148972,-183.649585740731,139.225146246119,5.85657380594506e-31,1,FALSE
0.833232510577473,0.00196671013337248,NA,-0.012676033686807,NA,6,90.4132224529094,-168.813523816756,154.061208170095,3.51587727622502e-34,1,FALSE
0.62207835681788,0.00249111775105511,NA,NA,NA,5,68.4830759821234,-126.956924034379,195.917807952471,2.86410245141031e-43,1,FALSE
0.952848562557322,NA,NA,-0.0186034166561016,NA,5,52.0525368192466,-94.0958457086255,228.778886278225,2.09554048607468e-50,1,FALSE
0.652269700272676,NA,NA,NA,NA,4,-0.878795704782533,9.7637424167925,332.638474403643,5.86776953620805e-73,1,FALSE
