"(Intercept)","pre","I(pre^2)","tmx","I(tmx^2)","df","logLik","AICc","delta","weight","cw","any_u_shaped"
-0.924438817857658,-0.000215232299564866,-5.25695427644574e-05,-0.108935862524524,0.0117684173539508,8,-977.184834109241,1970.37412683693,0,1,1,TRUE
-0.893810522795956,0.00221791320238043,NA,-0.11278683463024,0.0122402386641904,7,-1026.84394596471,2067.69135963639,97.3172327994598,7.37617820546302e-22,1,TRUE
-1.084065674401,-0.000692910847998579,-6.32837656668707e-05,-0.0196280058506028,NA,7,-1228.3659113771,2470.73529046118,500.361163624248,2.22819830564189e-109,1,FALSE
-0.945217301994054,NA,NA,-0.115214694687859,0.0123334566405626,6,-1257.33672859057,2526.67605788085,556.301931043922,1.58697665345632e-121,1,TRUE
-1.05465750442352,0.00223702156553526,NA,-0.0199561332827945,NA,6,-1299.71129851532,2611.42519773036,641.051070893426,6.27377076907231e-140,1,FALSE
-1.15860650026257,-0.000659923284439233,-6.64032896597764e-05,NA,NA,6,-1434.50207909604,2881.00675889179,910.632632054864,1.81399643312806e-198,1,FALSE
-1.12905175458374,0.0024175554100353,NA,NA,NA,5,-1511.92288592012,3033.84762942539,1063.47350258846,1.17398645914893e-231,1,FALSE
-1.10770043930075,NA,NA,-0.0216915192136317,NA,5,-1530.12934561232,3070.26054880979,1099.88642197286,1.45444769740375e-239,1,FALSE
-1.19376486634956,NA,NA,NA,NA,4,-1778.40558809511,3564.81241454196,1594.43828770504,0,1,FALSE
