"(Intercept)","pre","I(pre^2)","tmx","I(tmx^2)","df","logLik","AICc","delta","weight","cw","any_u_shaped"
-0.988607464818741,0.000427738356670309,-3.31476512075006e-05,-0.0705325002690475,0.00548232678462769,8,-1411.24157064682,2838.48709115237,0,1,1,TRUE
-1.00105457992845,0.00115017177067726,NA,-0.0695316794129316,0.00549081098800689,7,-1486.8381491054,2987.67937023889,149.192279086521,4.01151319517381e-33,1,TRUE
-1.27172133924782,0.000513838548659391,-3.32112861791331e-05,0.00999184601586299,NA,7,-1509.8804317847,3033.76393559748,195.276844445107,3.94613562078655e-43,1,FALSE
-1.2846391187316,0.00123779239044893,NA,0.0111195237595679,NA,6,-1585.33023600242,3182.66277596272,344.175684810349,1.83315691247132e-75,1,FALSE
-1.19418249107205,0.000521974933955354,-3.70012427463802e-05,NA,NA,6,-1586.50561947425,3185.01354290637,346.526451754,5.65896600301953e-76,1,FALSE
-0.997488149388735,NA,NA,-0.0778318774532432,0.00616807976201558,6,-1645.71993060055,3303.44216515897,464.955074006599,1.0871476039241e-101,1,TRUE
-1.19889032142131,0.0013400988692998,NA,NA,NA,5,-1680.97689809941,3371.95544183788,533.46835068551,1.44151615419943e-116,1,FALSE
-1.31877668646211,NA,NA,0.0129099429596168,NA,5,-1769.87177156028,3549.74518875962,711.258097607253,3.56669932910473e-155,1,FALSE
-1.22122681243036,NA,NA,NA,NA,4,-1898.95174234788,3805.90458175838,967.41749060601,8.47151465674543e-211,1,FALSE
