"(Intercept)","pre","I(pre^2)","tmp","I(tmp^2)","df","logLik","AICc","delta","weight","cw","any_u_shaped"
-1.76247309642191,2.97256332353255e-05,-4.48547720895583e-05,-0.0337248347315722,-0.000485090940812167,8,-1439.6784465845,2895.36083707785,0,1,1,FALSE
-1.27672131690416,4.85931309546398e-05,-4.60565590853447e-05,-0.00280585468456614,NA,7,-1504.68877509795,3023.38061759655,128.019780518707,1.5880269670967e-28,1,FALSE
-1.19182421253036,4.84982884260672e-05,-4.07252786729714e-05,NA,NA,6,-1570.5691737,3153.14064788749,257.77981080964,1.05639250107142e-56,1,FALSE
-1.7679764673936,0.00141679240181224,NA,-0.0347375346773221,-0.000511420582867992,7,-1571.31013238907,3156.6233321788,261.262495100951,1.85169743377409e-57,1,FALSE
-1.25527259121121,0.00147595244049542,NA,-0.0021215325905646,NA,6,-1643.0976070266,3298.19751454069,402.836677462846,3.35063356572793e-88,1,FALSE
-1.19115126438443,0.00134732366573913,NA,NA,NA,5,-1681.57135470005,3373.14435256044,477.783515482595,1.78085205095181e-104,1,FALSE
-1.83092563145498,NA,NA,-0.0379926780452306,-0.000580708294563169,6,-1803.26354489409,3618.52939027566,723.168553197808,9.24578797860542e-158,1,FALSE
-1.24844200695837,NA,NA,-0.000902370714708199,NA,5,-1895.01232049702,3800.02628415437,904.665447076528,3.58421607315114e-197,1,FALSE
-1.21999610403954,NA,NA,NA,NA,4,-1902.23735732422,3812.47581005868,917.114972980828,7.09600612660112e-200,1,FALSE
