"(Intercept)","pre","I(pre^2)","tmx","I(tmx^2)","df","logLik","AICc","delta","weight","cw","any_u_shaped"
-0.949142963388154,0.000335195902253657,-3.33220620553888e-05,-0.0769126477242214,0.00556478112921526,8,-1409.57789205003,2835.1597339588,0,1,1,TRUE
-0.961781218869865,0.00114878685758604,NA,-0.0757349447861796,0.00556194742407099,7,-1485.89771680185,2985.79850563178,150.638771672981,1.94628462048893e-33,1,TRUE
-1.27556304883436,0.000425182467271631,-3.32965335755789e-05,0.00997521858189494,NA,7,-1509.70613208396,3033.415336196,198.255602237201,8.89903615014816e-44,1,FALSE
-1.28803332522109,0.00123810193586095,NA,0.011107904266439,NA,6,-1585.46364897987,3182.92960191761,347.769867958816,3.03901390104004e-76,1,FALSE
-1.19356679981579,0.000423134621722688,-3.70912701038375e-05,NA,NA,6,-1586.07226910748,3184.14684217282,348.987108214026,1.65353093247073e-76,1,FALSE
-0.954871803991842,NA,NA,-0.0848745550375424,0.00625268100270651,6,-1644.3691183427,3300.74054064327,465.580806684472,7.95082854837323e-102,1,TRUE
-1.19713764615112,0.00134030568244768,NA,NA,NA,5,-1680.90945691435,3371.82055946775,536.660825508955,2.92134207619747e-117,1,FALSE
-1.32461790464284,NA,NA,0.0128987361313028,NA,5,-1770.09791204261,3550.19746972427,715.037735765468,5.38925213234091e-156,1,FALSE
-1.22122681243036,NA,NA,NA,NA,4,-1898.95174234788,3805.90458175838,970.744847799582,1.60485068636589e-211,1,FALSE
