"(Intercept)","pre","I(pre^2)","tmx","I(tmx^2)","df","logLik","AICc","delta","weight","cw","any_u_shaped"
-1.05765269332538,0.000760578899239582,-3.26342066011253e-05,-0.0585222100351424,0.00532131303831042,8,-1415.18802799971,2846.38000585816,0,1,1,TRUE
-1.07071914803953,0.00115242389730972,NA,-0.0578528291381775,0.00535474969415184,7,-1488.74529607638,2991.49366418084,145.113658322677,3.08297122207775e-32,1,TRUE
-1.26638256796654,0.000841285458843007,-3.28975956213041e-05,0.0100334601922081,NA,7,-1510.84654528674,3035.69616260156,189.3161567434,7.77175131967704e-42,1,FALSE
-1.28088513051102,0.00123682163689479,NA,0.0111426405103583,NA,6,-1585.18011268048,3182.36252931883,335.982523460664,1.10235638656327e-73,1,FALSE
-1.1976381657153,0.000887168231791684,-3.66615723811154e-05,NA,NA,6,-1588.12710924697,3188.25652245181,341.876516593644,5.78705587456251e-75,1,FALSE
-1.06959227994362,NA,NA,-0.0645941359769746,0.0060061470841459,6,-1648.30244007104,3308.60718409995,462.227178241791,4.25249245698777e-101,1,TRUE
-1.20543448828847,0.00133932602970714,NA,NA,NA,5,-1681.22882122002,3372.4592880791,526.079282220936,5.79876279648238e-115,1,FALSE
-1.30736277903209,NA,NA,0.0129317908215329,NA,5,-1769.43056966801,3548.86278497508,702.482779116911,2.86947667412161e-153,1,FALSE
-1.22122681243036,NA,NA,NA,NA,4,-1898.95174234788,3805.90458175838,959.524575900217,4.38415316210557e-209,1,FALSE
