"(Intercept)","pet","I(pet^2)","wet","I(wet^2)","df","logLik","AICc","delta","weight","cw","any_u_shaped"
1.35873782043656,-0.0882616928991903,NA,-0.345156956485258,0.0228157462150463,7,-2327.05926127718,4668.14870309869,0,0.492373891074894,0.492373891074894,TRUE
1.63144732362212,-0.397279989612343,0.153480789253328,-0.377542125073514,0.0248677319675971,8,-2326.50285226131,4669.04451853879,0.895815440097977,0.314609016067862,0.806982907142756,TRUE
0.381013507132504,-0.108245638382225,NA,-0.0415168869247239,NA,6,-2329.78574161364,4671.59411253762,3.44540943893298,0.0879293498686406,0.894912257011396,FALSE
1.52222478032001,NA,NA,-0.4213518263543,0.0285834519923313,6,-2330.08744403087,4672.19751737209,4.04881427340297,0.0650288639689743,0.95994112098037,TRUE
0.480648887682165,-0.275811861446534,0.082748692147151,-0.0442570748421907,NA,7,-2329.61782724535,4673.26583503502,5.11713193633113,0.0381174583247435,0.998058579305114,TRUE
0.272239018025768,NA,NA,-0.040793919677029,NA,5,-2334.60812653853,4679.23241251687,11.0837094181807,0.00192973687611239,0.999988316181226,FALSE
-0.104705419014851,0.32331554086649,-0.211320279204328,NA,NA,6,-2339.24108591516,4690.50480114067,22.3560980419752,6.88224307454771e-06,0.999995198424301,FALSE
0.102811131286087,-0.103812806717391,NA,NA,NA,5,-2340.63681889157,4691.28979722294,23.1410941242539,4.64804446483023e-06,0.999999846468766,FALSE
0.00306204941454874,NA,NA,NA,NA,4,-2345.04981142009,4698.11039289941,29.9616898007225,1.53531234236398e-07,1,FALSE
