"(Intercept)","pet","I(pet^2)","wet","I(wet^2)","df","logLik","AICc","delta","weight","cw","any_u_shaped"
1.00097658261447,0.183095328760027,-0.119601418611901,-0.264148360059164,0.0170291964352979,8,-3328.20511270219,6672.43933984029,0,0.383097457166659,0.383097457166659,TRUE
1.07895595596139,-0.0484858873905618,NA,-0.252954303373546,0.0160090960765991,7,-3329.33401105078,6672.6906620854,0.251322245107986,0.337858879359934,0.720956336526594,TRUE
1.08266652861222,NA,NA,-0.270132577803017,0.0174350967710929,6,-3330.99068796069,6673.99835247757,1.55901263727992,0.175700896130803,0.896657232657397,TRUE
0.413153046183177,-0.0560845112186271,NA,-0.0434226989552835,NA,6,-3332.25632151193,6676.52961958005,4.09027973976026,0.0495582895912541,0.946215522248651,FALSE
0.313833109986609,0.134565024817451,-0.098668113592214,-0.0416436572120084,NA,7,-3331.48086332992,6676.98436664368,4.54502680338828,0.0394792813878945,0.985694803636545,FALSE
0.347931002102859,NA,NA,-0.0416798441190207,NA,5,-3334.50127575805,6679.01467517744,6.57533533715105,0.0143051805171995,0.999999984153745,FALSE
-0.0551000407223234,0.318840904221224,-0.185319640390019,NA,NA,6,-3347.4890730169,6706.99512258999,34.5557827496987,1.2012029395321e-08,0.999999996165774,FALSE
0.107965687365712,-0.0378042374775794,NA,NA,NA,5,-3350.31401776766,6710.64015919667,38.2008193563779,1.94136298104932e-09,0.999999998107137,FALSE
0.0717972841747943,NA,NA,NA,NA,4,-3351.3413389873,6710.69075878269,38.2514189424019,1.89286300609058e-09,1,FALSE
