"(Intercept)","pet","I(pet^2)","wet","I(wet^2)","df","logLik","AICc","delta","weight","cw","any_u_shaped"
1.19595043169154,-0.0470778442504555,NA,-0.234293890698226,0.0152347179918801,7,-3316.63980903703,6647.30230851166,0,0.567193475022462,0.567193475022462,TRUE
0.922284263061403,0.0688099103617337,-0.0105400039032615,-0.246739707636608,0.0161428990609474,8,-3316.33223421549,6648.69364776229,1.39133925063015,0.282882281874384,0.850075756896847,TRUE
0.562414663778325,-0.0489071982829763,NA,-0.0344628159752594,NA,6,-3319.30534236248,6650.62769910616,3.325390594493,0.107555304319601,0.957631061216447,FALSE
0.416954728689051,0.0051693755762101,-0.0049228901743012,-0.0347119354415167,NA,7,-3319.23626279067,6652.49521601893,5.19290750726941,0.0422771485924126,0.99990820980886,FALSE
1.08328799974812,NA,NA,-0.270284744703349,0.0174482535527932,6,-3326.52605214769,6665.06911867659,17.7668101649233,7.86533850374066e-05,0.999986863193897,TRUE
0.348497974797139,NA,NA,-0.0417274657016146,NA,5,-3330.02160622177,6670.05536311182,22.7530546001553,6.50082082837418e-06,0.999993364014726,FALSE
0.390342616275757,-0.0594302087560452,NA,NA,NA,5,-3330.31413289715,6670.64041646259,23.3381079509245,4.85205232304068e-06,0.999998216067049,FALSE
0.414281906274127,-0.0682421862661304,0.000803349092194617,NA,NA,6,-3330.31228286909,6672.64158011938,25.3392716077196,1.78393205279642e-06,0.999999999999101,TRUE
0.0719978900966447,NA,NA,NA,NA,4,-3346.81797353063,6701.64404586669,54.3417373550283,8.98613401003498e-13,1,FALSE
