"(Intercept)","pet","I(pet^2)","pre","I(pre^2)","df","logLik","AICc","delta","weight","cw","any_u_shaped"
0.162006763481523,0.233612153531776,-0.140059996808361,-0.0150404845809286,0.000295989119707762,8,-3339.24099710341,6694.51117353812,0,0.340406740394286,0.340406740394286,TRUE
0.277111381217267,NA,NA,-0.0172521676947828,0.000339603174879703,6,-3341.70044888733,6695.41791215587,0.906738617745759,0.216322832981832,0.556729573376118,TRUE
0.309530750108448,-0.0357206917938332,NA,-0.0171173538868191,0.000337235067664798,7,-3340.78377390281,6695.59023824322,1.07906470509533,0.1984642226511,0.755193796027217,TRUE
0.000571569140171907,0.285793791753579,-0.167537716625606,-0.00183413039734034,NA,7,-3341.42524152878,6696.87317349516,2.36199995703555,0.104495208573117,0.859689004600334,FALSE
-0.0553414306367982,0.319610439050573,-0.185619819180733,NA,NA,6,-3342.97356190738,6697.96413819596,3.45296465784213,0.0605614691941091,0.920250473794443,FALSE
0.120092480576146,NA,NA,-0.00215499684830682,NA,5,-3344.6489698711,6699.3100904105,4.79891687237614,0.0308977313374521,0.951148205131895,FALSE
0.154325234415018,-0.0364865417081649,NA,-0.00212488102846207,NA,6,-3343.69324626395,6699.40350690911,4.89233337098722,0.029487737896352,0.980635943028247,FALSE
0.107982362521229,-0.03761875612633,NA,NA,NA,5,-3345.80285763558,6701.61786593945,7.10669240133211,0.00974539628137724,0.990381339309624,FALSE
0.0719978900966447,NA,NA,NA,NA,4,-3346.81797353063,6701.64404586669,7.13287232857147,0.00961866069037577,1,FALSE
