"(Intercept)","pet","I(pet^2)","pre","I(pre^2)","df","logLik","AICc","delta","weight","cw"
0.161953178402069,0.234215746568546,-0.140232636632546,-0.0148993770779256,0.000291985090747755,8,-3338.75899545381,6693.54717023892,0,0.336504971657874,0.336504971657874
0.277425488671798,NA,NA,-0.0171090611409229,0.000335572531387864,6,-3341.20859694602,6694.43420827324,0.887038034311445,0.215960151406286,0.552465123064159
0.309629587926132,-0.03545384638245,NA,-0.0169771701009578,0.000333253971457435,7,-3340.30557863718,6694.63384771196,1.08667747303753,0.195444057400393,0.747909180464552
0.0027187003783111,0.285676152062797,-0.167325664847325,-0.00187273089575856,NA,7,-3340.8847846038,6695.7922596452,2.24508940627038,0.109515733126426,0.857424913590979
-0.0543501095298145,0.320198304902299,-0.185776234280065,NA,NA,6,-3342.49965132184,6697.01631702487,3.46914678594931,0.059384872998755,0.916809786589734
0.122281201255263,NA,NA,-0.00219219059884609,NA,5,-3344.08781083803,6698.18777234434,4.6406021054172,0.0330595959593134,0.949869382549047
0.156257770185201,-0.0362004442679212,NA,-0.00216281219605391,NA,6,-3343.14701763492,6698.31104965104,4.76387941211306,0.0310833783320261,0.980952760881073
0.0733853927882406,NA,NA,NA,NA,4,-3346.33322235394,6700.67454351331,7.12737327438117,0.00953459045525353,0.990487351336327
0.109097759050913,-0.0373333960508616,NA,NA,NA,5,-3345.3335003576,6700.67915138349,7.131981144561,0.0095126486636733,1
