"(Intercept)","pet","I(pet^2)","pre","I(pre^2)","df","logLik","AICc","delta","weight","cw","any_u_shaped"
1.13108231195964,-1.67506304294757,0.869683398598949,-0.0238263710517281,0.000669923347793541,8,-947.819593503351,1911.69621670967,0,0.999922130041061,0.999922130041061,TRUE
0.641842848070732,-1.30480809732578,0.686423915449219,0.00590732825736508,NA,7,-958.286347441819,1930.61703375933,18.9208170496588,7.786870663326e-05,0.999999998747694,TRUE
0.930090796015907,-1.66287859718505,0.879236298084355,NA,NA,6,-970.371912385067,1952.77706576736,41.0808490576917,1.2005303711499e-09,0.999999999948224,TRUE
0.0731722005558847,0.0728918536680447,NA,-0.0060915025815775,0.000329310462825078,7,-972.851600974771,1959.74754082523,48.0513241155625,3.67920277749804e-11,0.999999999985016,TRUE
0.134612660953425,NA,NA,-0.00576826189751323,0.000333111140722999,6,-975.418529077868,1962.87029915297,51.1740824432934,7.72067674366274e-12,0.999999999992737,TRUE
-0.0734501463231683,0.0739422951987956,NA,0.00822005175424425,NA,6,-975.658529021121,1963.35029903947,51.6540823297989,6.07329977749664e-12,0.99999999999881,FALSE
-0.0128332012253998,NA,NA,0.00871502449418265,NA,5,-978.293350393642,1966.6104349645,54.9142182548269,1.18985817044945e-12,1,FALSE
0.0630334163205103,0.119730628059061,NA,NA,NA,5,-1001.57223468444,2013.16820354609,101.471986836415,9.23855832146389e-23,1,FALSE
0.178756815305327,NA,NA,NA,NA,4,-1008.51748511667,2025.05078676161,113.354570051941,2.42847727684128e-25,1,FALSE
