"(Intercept)","pet","I(pet^2)","wet","I(wet^2)","df","logLik","AICc","delta","weight","cw","any_u_shaped"
0.100520514684876,-0.777378238835421,0.437749541309396,0.0613636750789238,NA,7,-931.045423470492,1876.13537974417,0,0.515980267272876,0.515980267272876,TRUE
0.648011361926559,-0.846865320455084,0.477756242492084,-0.095417004469024,0.0116785725121061,8,-930.112814289273,1876.28290781482,0.1475280706577,0.479289350808826,0.995269618081702,TRUE
-0.432556874431556,0.107860575304246,NA,0.0771267988507669,NA,6,-937.103338496559,1886.24006332062,10.1046835764557,0.00329935414210176,0.998568972223804,FALSE
-0.239243128466593,0.112286460075639,NA,0.0169233447397109,0.00452603491993994,7,-936.955483893646,1887.95550059047,11.8201208463088,0.0013993503593304,0.999968322583134,FALSE
-0.33273334236292,NA,NA,0.077780925685043,NA,5,-943.082266478235,1896.18837085874,20.0529911145702,2.28129474347428e-05,0.999991135530569,FALSE
-0.45398208064756,NA,NA,0.114740527644074,-0.00277980076303634,6,-943.022791701585,1898.07896973067,21.9435899865077,8.86427194065073e-06,0.99999999980251,FALSE
0.926613132514303,-1.65423815978903,0.874231999242321,NA,NA,6,-953.734641819972,1919.50266996745,43.3672902232831,1.97490256379323e-10,1,TRUE
0.0651499595068341,0.117652720669331,NA,NA,NA,5,-984.789414922596,1979.60266774746,103.467288003291,1.7579113673965e-23,1,FALSE
0.178674025331435,NA,NA,NA,NA,4,-991.528703121428,1991.07329186637,114.937912122202,5.67783274415376e-26,1,FALSE
