"(Intercept)","pet","I(pet^2)","wet","I(wet^2)","df","logLik","AICc","delta","weight","cw","any_u_shaped"
0.116027219528138,-0.799169857334852,0.449548958141341,0.0603399849911059,NA,7,-948.548387229293,1911.14118365763,0,0.508965328883985,0.508965328883985,TRUE
0.672995187145516,-0.869374277638115,0.490030842919342,-0.0993046719001409,0.011897214712422,8,-947.585314571531,1911.22774933346,0.0865656758289788,0.487405809347147,0.996371138231132,TRUE
-0.431170642234283,0.110059114593736,NA,0.0764654973997825,NA,6,-954.858927219211,1921.7511481364,10.6099644787676,0.00252792209435982,0.998899060325492,FALSE
-0.23243100544257,0.114629973102127,NA,0.0145431258718249,0.0046568872930879,7,-954.703348577767,1923.45110635458,12.309922696948,0.00108049422220403,0.999979554547696,FALSE
-0.32947857221061,NA,NA,0.0771702521845212,NA,5,-961.009310254965,1932.04239230074,20.9012086431055,1.47247662569219e-05,0.999994279313952,FALSE
-0.450756520377087,NA,NA,0.114152944148802,-0.00278259352407427,6,-960.950075254485,1933.93344420695,22.7922605493161,5.72020647868909e-06,0.999999999520431,FALSE
0.928678364664117,-1.66189832966566,0.879063235662982,NA,NA,6,-970.336703479949,1952.70670065788,41.565517000244,4.79568736739152e-10,1,TRUE
0.0620554733528303,0.120216573478841,NA,NA,NA,5,-1001.35777527554,2012.73932234189,101.598138684253,4.41502022863837e-23,1,FALSE
0.178139851693699,NA,NA,NA,NA,4,-1008.31923490029,2024.65431138474,113.513127727102,1.14189376373773e-25,1,FALSE
