"(Intercept)","pet","I(pet^2)","pre","I(pre^2)","df","logLik","AICc","delta","weight","cw","any_u_shaped"
-0.840975802869621,-0.309692512143087,0.505019067020488,0.111090517533489,-0.00252717554566743,8,-6399.23003658059,12814.4868588755,0,0.855718662728704,0.855718662728704,TRUE
-1.45513491124483,0.71456060530892,NA,0.120744274011472,-0.00271433504546375,7,-6402.01319124083,12818.0472119405,3.56035306501326,0.144281337271296,1,FALSE
0.842917215041375,-1.43829784246484,1.06699263455685,NA,NA,6,-6444.26613875039,12900.5478966901,86.0610378146121,1.75555358053031e-19,1,TRUE
0.928593599801651,-1.54071605097624,1.1197034186335,-0.00172412217627523,NA,7,-6443.88876288797,12901.7983552347,87.3114963592761,9.39464699400042e-20,1,TRUE
-0.221445947749932,0.737810519584865,NA,NA,NA,5,-6458.96953948206,12927.9502334538,113.463374578343,1.96821376622491e-25,1,FALSE
-0.249368389160258,0.733407734096372,NA,0.00145939063396273,NA,6,-6458.67497887344,12929.3655769362,114.8787180607,9.69916467281259e-26,1,FALSE
-0.870274211073611,NA,NA,0.128267857857525,-0.00282474475725304,6,-6491.59918277689,12995.2139847431,180.727125867608,4.87454693664687e-40,1,FALSE
0.40147786493297,NA,NA,0.0042284376636893,NA,5,-6551.17521274686,13112.3615799834,297.874721107932,1.77687618219949e-65,1,FALSE
0.494784137812927,NA,NA,NA,NA,4,-6553.57986468371,13115.1671643117,300.680305436194,4.36950529376452e-66,1,FALSE
