"(Intercept)","pet","I(pet^2)","pre","I(pre^2)","df","logLik","AICc","delta","weight","cw","any_u_shaped"
-2.41188132933398,0.950233814658202,NA,0.157663252877867,-0.00339164678081325,7,-3619.99140267884,7254.02012625072,0,0.715560870583422,0.715560870583422,FALSE
-2.55652338891276,1.19154371632204,-0.119371977041391,0.159924304587399,-0.00343481001306075,8,-3619.90861052061,7255.86522104122,1.84509479050121,0.284439129416578,1,FALSE
-0.153147612582167,-0.465061556077019,0.712596926205889,0.00628593568313199,NA,7,-3663.96210661193,7341.9615341169,87.9414078661794,5.73340340785941e-20,1,TRUE
0.169141312102587,-0.858987536820726,0.914824351842085,NA,NA,6,-3666.53383059943,7345.09564254462,91.0755162939004,1.19632589218683e-20,1,TRUE
-0.902380019397423,0.97792391557886,NA,0.00845439445947106,NA,6,-3667.10802001864,7346.24402138305,92.2238951323252,6.73724290907172e-21,1,FALSE
-0.739451484959993,1.00175011387317,NA,NA,NA,5,-3672.24567787,7354.51133575999,100.491209509269,1.079587130877e-22,1,FALSE
-1.64198080036294,NA,NA,0.168910495405604,-0.00357299110676388,6,-3704.66476446963,7421.35751028503,167.33738403431,3.29454415594999e-37,1,FALSE
-0.0255324033772962,NA,NA,0.011821848149961,NA,5,-3754.13165085747,7518.28328173491,264.263155484193,2.95550354915095e-58,1,FALSE
0.234528287928809,NA,NA,NA,NA,4,-3763.56212033863,7535.13755625649,281.117430005771,6.46803370882602e-62,1,FALSE
