"(Intercept)","pet","I(pet^2)","pre","I(pre^2)","df","logLik","AICc","delta","weight","cw","any_u_shaped"
-0.700104158674657,-0.649572352707968,0.661532403368435,0.123165704830185,-0.00288632080503622,8,-7723.33260205796,15462.688411207,0,0.978640117782318,0.978640117782318,TRUE
-1.50593408179724,0.6947227555365,NA,0.135821549803027,-0.00313409487570414,7,-7728.15983155103,15470.3377101533,7.64929894633678,0.0213598822176819,1,FALSE
1.33520091024149,-2.0723526644235,1.36756681813997,-0.00578409802209681,NA,7,-7782.00899992954,15578.0360469103,115.347635703358,8.7740917548641e-26,1,TRUE
1.05576740428713,-1.74676387913141,1.20020064282314,NA,NA,6,-7786.35759863114,15584.7287303701,122.04031916309,3.08961541934085e-27,1,TRUE
-0.143570175640483,0.703363758674528,NA,NA,NA,5,-7804.89966770702,15619.8090003625,157.120589155536,7.4528191568886e-35,1,FALSE
-0.101872117594731,0.70950378238689,NA,-0.00215665545307646,NA,6,-7804.24959061519,15620.5127143382,157.824303131187,5.24216920613815e-35,1,FALSE
-0.919457767414556,NA,NA,0.141402193982857,-0.00320519433013611,6,-7813.75043952595,15639.5144121597,176.826000952715,3.92052998343651e-39,1,FALSE
0.537643418750545,NA,NA,NA,NA,4,-7891.35658536312,15790.7196129875,328.031201780514,5.74847440895603e-72,1,FALSE
0.529717897312845,NA,NA,0.000358649733089284,NA,5,-7891.33901330606,15792.6876915606,329.999280353615,2.14876919950729e-72,1,FALSE
