"(Intercept)","pet","I(pet^2)","wet","I(wet^2)","df","logLik","AICc","delta","weight","cw","any_u_shaped"
-2.48804679165848,-2.13573175590407,1.39136720807662,1.17219265817263,-0.0921179869484941,8,-6116.17222359611,12248.3727936489,0,0.999999759279167,0.999999759279167,TRUE
1.72127290093867,-2.54802860509621,1.6309049049768,-0.05685298022876,NA,7,-6132.62022189084,12279.2624866866,30.8896930377086,1.96059675038201e-07,0.999999955338842,TRUE
-4.882035405193,0.677008351426339,NA,1.44169355833377,-0.109072655324264,7,-6134.12136032981,12282.2647635646,33.891969915654,4.36970519356229e-08,0.999999999035894,FALSE
0.975939382874931,-1.79075543788204,1.25911209770662,NA,NA,6,-6138.93795165729,12289.8924322402,41.5196385912986,9.64106320552367e-10,1,TRUE
-0.269089087900192,0.76592084675834,NA,NA,NA,5,-6158.02272788788,12326.0572598285,77.6844661795894,1.35217343589811e-17,1,FALSE
-0.237432660051509,0.765789822448154,NA,-0.00477395032436941,NA,6,-6157.96712498296,12327.9507788915,79.5779852426258,5.2463826069055e-18,1,FALSE
-6.07040473476153,NA,NA,2.00610281111536,-0.151765980433474,6,-6204.50973714918,12421.036003224,172.663209575074,3.2111479997127e-38,1,FALSE
0.46785356225826,NA,NA,NA,NA,4,-6251.73604096322,12511.4799497471,263.107156098149,7.36218750444742e-58,1,FALSE
0.515276482892251,NA,NA,-0.0071796543073879,NA,5,-6251.61524423966,12513.242292532,264.869498883132,3.05013457125133e-58,1,FALSE
