"(Intercept)","tmx","I(tmx^2)","wet","I(wet^2)","df","logLik","AICc","delta","weight","cw","any_u_shaped"
0.697453147580852,0.0408179293400878,-0.00290058121054034,-0.0799210781345288,0.00264109177271574,8,-1909.48099445422,3834.98800986976,0,0.89834787974414,0.89834787974414,TRUE
0.103083357173217,0.039837385551431,-0.00273056233283873,NA,NA,6,-1914.06638687088,3840.14794715217,5.15993728240664,0.0680735505248067,0.966421430268947,FALSE
0.0956185622047426,0.0398273662111879,-0.00271111479179056,0.000457186225720166,NA,7,-1914.03758922126,3842.09541331153,7.10740344176611,0.0257093738418124,0.992130804110759,FALSE
0.654275874849367,0.022786132854339,NA,-0.0724842962348646,0.00241745767986869,7,-1915.40180720594,3844.8238492809,9.8358394111392,0.00657081373925799,0.998701617850017,TRUE
0.120356138502804,0.0227013472971034,NA,NA,NA,5,-1919.38413755118,3848.77911129525,13.7911014254869,0.000909379004066798,0.999610996854084,FALSE
0.102928941480111,0.0229586168267375,NA,0.00105010691223785,NA,6,-1919.2311434651,3850.4774603406,15.4894504708363,0.00038900314591582,1,FALSE
0.864762341368989,NA,NA,-0.0850688614875721,0.00268903950994674,6,-1970.76516413382,3953.54550167805,118.557491808287,1.61812589062443e-26,1,TRUE
0.252739229915094,NA,NA,-0.0033098989586067,NA,5,-1975.40157205094,3960.81398029476,125.825970424995,4.27250155328924e-28,1,FALSE
0.200669765498504,NA,NA,NA,NA,4,-1976.95923164777,3961.92568611967,126.937676249903,2.45063356015601e-28,1,FALSE
