"(Intercept)","tmx","I(tmx^2)","wet","I(wet^2)","df","logLik","AICc","delta","weight","cw","any_u_shaped"
0.850514562330498,0.0468310192916867,-0.00330942213054724,-0.0911308275116641,0.00310562668759697,8,-1191.67865675576,2399.38880268711,0,0.989103612679547,0.989103612679547,TRUE
0.142529856950792,0.0455950483278944,-0.00307137931198946,0.00338198780983374,NA,7,-1197.81353621835,2409.65155866319,10.2627559760854,0.00584403278083934,0.994947645460387,FALSE
0.197657890087052,0.0456600783076112,-0.00321379397327437,NA,NA,6,-1199.35392611639,2410.72621288852,11.3374102014095,0.00341471485087934,0.998362360311266,FALSE
0.797250114041069,0.0263641114224758,NA,-0.0822255039210215,0.00283608137360182,7,-1199.10648583284,2412.23745789217,12.8486552050649,0.00160395345139894,0.999966313762665,TRUE
0.150167780966254,0.0265813323147536,NA,0.00403799650481206,NA,6,-1204.23485531261,2420.48807128096,21.0992685938509,2.59175429472097e-05,0.999992231305612,FALSE
0.217006540322622,0.0255977279688262,NA,NA,NA,5,-1206.44229765193,2422.89770719197,23.5089045048662,7.76869438762527e-06,1,FALSE
1.0462914413373,NA,NA,-0.0974554055072842,0.0031737883733852,6,-1270.80886682525,2553.63609430623,154.247291619122,3.1686041652115e-34,1,TRUE
0.308611413225203,NA,NA,NA,NA,4,-1277.14137921343,2562.29149777577,162.902695088664,4.18187460333896e-36,1,FALSE
0.323753985668268,NA,NA,-0.000965557420054651,NA,5,-1277.01368586371,2564.04048361552,164.651680928415,1.74414889222857e-36,1,FALSE
