"(Intercept)","tmx","I(tmx^2)","wet","I(wet^2)","df","logLik","AICc","delta","weight","cw","any_u_shaped"
0.86571319328245,0.0474162886679383,-0.00344240368342549,-0.0928478804178096,0.00316150964133298,8,-1195.52106338134,2407.07354722962,0,0.991771802471511,0.991771802471511,TRUE
0.145220815401523,0.0462058872436679,-0.00321098448800208,0.00336569507592524,NA,7,-1201.88976454635,2417.80396190246,10.7304146728411,0.0046380114453787,0.99640981391689,FALSE
0.20008730937677,0.0462694240079936,-0.00335245824121674,NA,NA,6,-1203.41490281337,2418.84812623744,11.774579007812,0.00275165772481288,0.999161471641703,FALSE
0.813401303944677,0.0260795812715944,NA,-0.0839197676432893,0.00289228590663326,7,-1203.61696539823,2421.25836360624,14.1848163766181,0.000824551938263137,0.999986023579966,TRUE
0.153697553164666,0.0262858666823965,NA,0.00405525900659741,NA,6,-1208.95560279134,2429.92952619337,22.8559789637479,1.07968976701267e-05,0.999996820477636,FALSE
0.22085487331925,0.0252962464489618,NA,NA,NA,5,-1211.18074930269,2432.37458190237,25.3010346727469,3.17952236428205e-06,1,FALSE
1.05435553850263,NA,NA,-0.0983657883351263,0.00320511716178435,6,-1274.02361242035,2560.06554545138,152.991998221758,5.95143171467442e-34,1,TRUE
0.310375674631136,NA,NA,NA,NA,4,-1280.47617939192,2568.96107908033,161.887531850711,6.96595830509751e-36,1,FALSE
0.324792167261083,NA,NA,-0.000918327396800244,NA,5,-1280.36062190112,2570.73432709923,163.66077986961,2.87028456662164e-36,1,FALSE
