"(Intercept)","tmx","I(tmx^2)","wet","I(wet^2)","df","logLik","AICc","delta","weight","cw","any_u_shaped"
-0.0144175661422347,0.0042218824362418,0.00185219083308704,-0.0014213117509693,0.000390481714301437,8,-84704.8283055796,169425.657706799,0,0.545813202978096,0.545813202978096,TRUE
-0.103477307734488,0.00410467519307671,0.00188012971168754,0.0104594655645189,NA,7,-84706.0121955582,169426.025243275,0.367536475037923,0.454186797020607,0.999999999998702,FALSE
0.0102038540668248,0.0160098739090166,NA,-0.00598564136193108,0.000529876627281917,7,-84732.858676389,169479.718204936,54.0604981366487,9.95304624645594e-13,0.999999999999698,TRUE
-0.110795761268591,0.0160925295675848,NA,0.0101296878973425,NA,6,-84735.0500826824,169482.100804479,56.44309767909,3.02399525292628e-13,1,FALSE
0.0660506660167152,0.00401826649269483,0.0015289855016005,NA,NA,6,-84878.4993811575,169768.999401429,343.341694629198,1.51824669522539e-75,1,FALSE
0.0556947540939655,0.0138264556170986,NA,NA,NA,5,-84897.7679328672,169805.536322241,379.878615441208,1.76787191803454e-83,1,FALSE
0.198365381672595,NA,NA,-0.0204618471515153,0.000915865146279195,6,-85042.3663482076,170096.733335529,671.07562872945,1.03471986841318e-146,1,TRUE
-0.0098757864283624,NA,NA,0.00736791329265821,NA,5,-85048.9148881537,170107.830232814,682.172526014212,4.0286743166062e-149,1,FALSE
0.105313505419779,NA,NA,NA,NA,4,-85138.1773345553,170284.354973446,858.697266646399,1.87629781094989e-187,1,FALSE
