"(Intercept)","tmx","I(tmx^2)","wet","I(wet^2)","df","logLik","AICc","delta","weight","cw"
0.0323851287592772,0.00567428568925733,0.00152911898013971,-0.00715093674519142,0.00058148144502382,8,-85102.1653362996,170220.331762319,0,0.838733406658411,0.838733406658411
-0.100215346982193,0.00551650305676175,0.00156700548510062,0.0105429766249512,NA,7,-85104.8142914899,170223.629430534,3.29766821415978,0.161266584111829,0.99999999077024
0.0503223484307519,0.0154414219040066,NA,-0.0106344068338192,0.000686952253053184,7,-85121.5546466217,170257.110140797,36.7783784777566,8.65566676473449e-09,0.999999999425907
-0.106509789166905,0.0155414278380329,NA,0.0102608383314278,NA,6,-85125.2679308438,170262.536497348,42.2047350285866,5.74092898514205e-10,1
0.0707957844923269,0.00545188488977422,0.00120702136032998,NA,NA,6,-85280.7287206142,170573.458076889,353.126314569527,1.75072940064805e-77,1
0.0623730750828535,0.0132223807987255,NA,NA,NA,5,-85292.9086879663,170595.817829972,375.486067652935,2.44264489290831e-82,1
0.226391438573114,NA,NA,-0.0239005774513894,0.00103502218642756,6,-85412.1293065877,170836.259248836,615.927486516564,1.50199891145346e-134,1
-0.00895292071364409,NA,NA,0.00755546105246795,NA,5,-85420.5585378201,170851.11752968,630.78576736059,8.91733182041238e-138,1
0.109342401267022,NA,NA,NA,NA,4,-85514.9143086831,171037.828920057,817.497157737729,2.54901066598642e-178,1
