"(Intercept)","tmx","I(tmx^2)","wet","I(wet^2)","df","logLik","AICc","delta","weight","cw","any_u_shaped"
0.0313689264212209,0.00566612680955895,0.00153058085553084,-0.00701934481876202,0.000577395054455624,8,-85099.4448057603,170214.890701315,0,0.833524479832545,0.833524479832545,TRUE
-0.10030170259161,0.00550931235404679,0.00156822152795702,0.0105503737350773,NA,7,-85102.0557417043,170218.11233102,3.22162970504723,0.166475511272866,0.999999991105411,FALSE
0.0493394302222869,0.0154423022635975,NA,-0.0105078223454167,0.000683009794238374,7,-85118.8676547256,170251.736157063,36.8454557475634,8.31819892357626e-09,0.99999999942361,TRUE
-0.106594411313365,0.0155416856237949,NA,0.0102676558868258,NA,6,-85122.5371773319,170257.074990368,42.1842890524713,5.76389923618922e-10,1,FALSE
0.0708271866803635,0.00544698414507544,0.00120755683435875,NA,NA,6,-85278.1774830316,170568.355601767,353.464900452032,1.4688939861485e-77,1,FALSE
0.0624011606335294,0.013220792894653,NA,NA,NA,5,-85290.3662460574,170590.732946186,375.842244870524,2.03147673236124e-82,1,FALSE
0.225368740426983,NA,NA,-0.0237676035113792,0.00103084507164517,6,-85409.4372738088,170830.875183321,615.984482006257,1.45073344223131e-134,1,TRUE
-0.00902928614424847,NA,NA,0.00756170447044599,NA,5,-85417.7956669792,170845.591788029,630.701086713962,9.24522561829629e-138,1,FALSE
0.109364019372246,NA,NA,NA,NA,4,-85512.2894760282,171032.579254768,817.688553452783,2.30199840920698e-178,1,FALSE
