"(Intercept)","tmx","I(tmx^2)","wet","I(wet^2)","df","logLik","AICc","delta","weight","cw"
-0.210045556448112,0.0161031290282941,0.000643030925020776,0.0405121663585934,-0.000764127740721628,8,-23739.7726990134,47495.5477411666,0,0.778556837225653,0.778556837225653
-0.201685536447724,0.0201664418408742,NA,0.0389706124575397,-0.000717601204135845,7,-23742.4624043237,47498.9266310599,3.37888989327621,0.143738697515938,0.922295534741591
-0.035555861378455,0.016339328621039,0.000591358508440487,0.0172422306629979,NA,7,-23743.3216012202,47500.6450248529,5.09728368625656,0.0608736347544729,0.983169169496064
-0.0376476589208553,0.0200811714474899,NA,0.017127062164107,NA,6,-23745.6074168334,47503.2162004539,7.66845928724797,0.0168308305039361,1
0.244247749743768,0.0160921721392576,NA,NA,NA,5,-24114.125162497,48238.2513012547,742.703560088063,4.12345638176094e-162,1
0.243878715992211,0.0164409114576151,-5.47196538057089e-05,NA,NA,6,-24114.1057156287,48240.2127980445,744.665056877871,1.54642117879491e-162,1
0.0896646385604497,NA,NA,0.0135094344679957,NA,5,-24138.5052921585,48287.0115605776,791.463819411001,1.06440186016839e-172,1
0.0135887744540323,NA,NA,0.0236660943796925,-0.000333898006103136,6,-24137.833271307,48287.6679094011,792.12016823444,7.66622018645675e-173,1
0.300915558539956,NA,NA,NA,NA,4,-24374.7654850189,48757.5316208676,1261.98387970098,7.16098428243896e-275,1
