"(Intercept)","tmx","I(tmx^2)","wet","I(wet^2)","df","logLik","AICc","delta","weight","cw","any_u_shaped"
-0.209005686616119,0.0160948331106127,0.00064616877907835,0.0403810714929278,-0.00075964222256671,8,-23732.7576525982,47481.5176487557,0,0.779005197777902,0.779005197777902,FALSE
-0.200585402257862,0.0201777609536742,NA,0.0388296835009237,-0.000712818903474206,7,-23735.4726892624,47484.9472012636,3.42955250781961,0.140224044919059,0.919229242696961,FALSE
-0.0355337192296072,0.0163302497316861,0.000594724076454384,0.017247262123229,NA,7,-23736.2630067246,47486.5278361878,5.0101874320535,0.0636197528923129,0.982848995589274,FALSE
-0.0376352947533204,0.0200932197260608,NA,0.0171312163335593,NA,6,-23738.5741018421,47489.1495707159,7.631921960201,0.0171510044107265,1,FALSE
0.244337243527407,0.0161013869181852,NA,NA,NA,5,-24107.1555996532,48224.3121757418,742.794526986072,3.94237767157467e-162,1,FALSE
0.243981914082946,0.0164363154371593,-5.25513967398421e-05,NA,NA,6,-24107.137670975,48226.2767089818,744.759060226075,1.4762681619827e-162,1,FALSE
0.0897795071626215,NA,NA,0.0135094292762679,NA,5,-24131.8480359466,48273.6970483285,792.179399572771,7.44679501740131e-173,1,FALSE
0.0147370164470107,NA,NA,0.0235278954858943,-0.000329348527648623,6,-24131.1945766892,48274.3905204101,792.872871654385,5.26482391201936e-173,1,FALSE
0.301030335637469,NA,NA,NA,NA,4,-24368.0422774378,48744.0852058219,1262.56755706613,5.35154058642286e-275,1,FALSE
