"(Intercept)","pre","I(pre^2)","tmn","I(tmn^2)","df","logLik","AICc","delta","weight","cw","any_u_shaped"
-5.6178038216272,0.0123425500176018,-8.69509478791693e-05,0.929851734071652,-0.0593521815737426,8,-1291.76854178759,2599.54640577367,0,1,1,FALSE
-5.44622083527673,0.00328930457657576,NA,0.947524496482136,-0.060690220706604,7,-1371.39803324368,2756.80331661682,157.256910843153,7.11370235425308e-35,1,FALSE
-5.5052571831616,NA,NA,1.00704041324789,-0.0646756181147057,6,-1592.32640327592,3196.65824379697,597.111838023298,2.18178440759398e-130,1,FALSE
-1.9087381274799,0.0145533018376559,-0.000102569378650709,-0.0214495422858449,NA,7,-1875.80336775523,3765.61398563993,1166.06757986626,6.18931047649891e-254,1,FALSE
-2.10825339436738,0.0155845620326245,-0.000111221240919524,NA,NA,6,-1916.68069392897,3845.36682510306,1245.8204193294,2.975316847501e-271,1,FALSE
-1.60686959735499,0.00388999790580959,NA,-0.0259045653603245,NA,6,-1976.61421496376,3965.23386717265,1365.68746139898,2.78442647817822e-297,1,FALSE
-1.82081217340214,0.00405181583059726,NA,NA,NA,5,-2036.33414431227,4082.67217211969,1483.12576634602,8.89318162514244e-323,1,FALSE
-1.3767174598533,NA,NA,-0.03107873843376,NA,5,-2258.34030614582,4526.68449578678,1927.13809001311,0,1,FALSE
-1.62379921551421,NA,NA,NA,NA,4,-2340.72907430404,4689.46073743729,2089.91433166362,0,1,FALSE
