"(Intercept)","pre","I(pre^2)","tmn","I(tmn^2)","df","logLik","AICc","delta","weight","cw","any_u_shaped"
-5.64477270790601,0.0123444597069009,-8.68361012507422e-05,0.936710863465741,-0.0598204737963275,8,-1364.03558799624,2744.08038138787,0,1,1,FALSE
-5.4732754345578,0.00330302645461053,NA,0.954336405301481,-0.0611551566331446,7,-1442.99711645995,2900.00139221419,155.921010826321,1.38733931182823e-34,1,FALSE
-5.54551226706879,NA,NA,1.01750639999968,-0.0653907390154794,6,-1665.03776141813,3342.08089196379,598.000510575912,1.39906870040249e-130,1,FALSE
-1.89984774838142,0.0146244375604901,-0.000102655429502324,-0.0237348965110478,NA,7,-1965.81936819408,3945.64589568246,1201.56551429459,1.2116125085983e-261,1,FALSE
-2.12338294765328,0.0158053146942808,-0.000112448302831743,NA,NA,6,-2016.65753219625,4045.32043352002,1301.24005213215,2.74987443666483e-283,1,FALSE
-1.59741850450599,0.0039529299714386,NA,-0.0282363096502175,NA,6,-2066.40958170452,4144.82453253655,1400.74415114868,6.79629621036032e-305,1,FALSE
-1.83325749239363,0.00415005783144603,NA,NA,NA,5,-2138.52966886127,4287.06317256851,1542.98279118064,0,1,FALSE
-1.35975508198142,NA,NA,-0.0340893461670787,NA,5,-2357.23208071278,4724.46799627152,1980.38761488365,0,1,FALSE
-1.63270487897156,NA,NA,NA,NA,4,-2458.24664827016,4924.4958529409,2180.41547155303,0,1,FALSE
