"(Intercept)","pre","I(pre^2)","tmp","I(tmp^2)","df","logLik","AICc","delta","weight","cw","any_u_shaped"
-25.2947362258166,NA,NA,2.84932920449627,-0.0812278047516652,6,-217.990460307499,448.180920614998,0,0.557962291862472,0.557962291862472,FALSE
-28.2531669027602,-0.000438150350144404,NA,3.19866842476387,-0.0913435704751687,7,-217.562878981391,449.393061065408,1.21214045040932,0.304363027264069,0.862325319126541,FALSE
-28.7561806325905,-0.000843831805009355,1.85146763430932e-06,3.25813754081053,-0.0930391061105554,8,-217.533121298106,451.410740203867,3.22981958886913,0.110983505187537,0.973308824314078,TRUE
0.48994612704294,NA,NA,-0.0474486339965285,NA,5,-222.932918526664,456.008354868055,7.82743425305688,0.0111403567281501,0.984449181042228,FALSE
-0.345796809464942,NA,NA,NA,NA,4,-224.840690191853,457.776167113563,9.59524649856496,0.00460281527920783,0.989051996321436,FALSE
0.390922916755254,0.000171499991512772,NA,-0.0429711913329918,NA,6,-222.857554353883,457.915108707765,9.734188092767,0.00429390826804475,0.993345904589481,FALSE
-0.401706276738032,0.000475594125571518,NA,NA,NA,5,-224.135380946354,458.413279707435,10.232359092437,0.00334715869956759,0.996693063289048,FALSE
0.327824451366032,0.00103848699079213,-4.06743630276291e-06,-0.0414347756911638,NA,7,-222.709022023885,459.685347150395,11.5044265353972,0.0017719455347118,0.99846500882376,FALSE
-0.446599706926918,0.00158183871742074,-5.25600413011424e-06,NA,NA,6,-223.886227057645,459.97245411529,11.7915335002913,0.00153499117624005,1,FALSE
