"(Intercept)","pre","I(pre^2)","tmp","I(tmp^2)","df","logLik","AICc","delta","weight","cw","any_u_shaped"
-32.1569621239905,0.000369271801499271,NA,3.60370656766829,-0.102141596852969,7,-518.390977694757,1050.86877709494,0,0.437464798882433,0.437464798882433,FALSE
-36.0753242389902,NA,NA,4.05938870237622,-0.115227480910983,6,-519.548572950849,1051.16221174213,0.293434647190679,0.377767497073203,0.815232295955636,FALSE
-31.2149903876552,0.000836695606962674,-2.13473666667765e-06,3.49455402462237,-0.0990512276470848,8,-518.240434142914,1052.5925827932,1.72380569825714,0.184766597559715,0.999998893515351,FALSE
-0.571503840120798,0.00291785059510385,-8.68308397990662e-06,NA,NA,6,-532.789687863927,1077.64444156829,26.7756644733477,6.70936544639799e-07,0.999999564451896,FALSE
-0.485224390994053,0.00289000490986897,-8.67999902186186e-06,-0.00470830852420683,NA,7,-532.730683496468,1079.54818869836,28.6794116034225,2.58992990885792e-07,0.999999823444886,FALSE
-0.497570504865533,0.00110297318286403,NA,NA,NA,5,-535.461452475025,1080.96934457853,30.1005674835924,1.27258831914677e-07,0.999999950703718,FALSE
-0.40973602023158,0.00107525296072662,NA,-0.00479425686394676,NA,6,-535.40052641956,1082.86611867955,31.997341584613,4.92956582155912e-08,0.999999999999377,FALSE
0.16556575663815,NA,NA,-0.0304117202245863,NA,5,-547.846156779051,1105.73875318658,54.8699760916443,5.3220529777196e-13,0.999999999999909,FALSE
-0.371487039807388,NA,NA,NA,NA,4,-550.617254942153,1109.2654456925,58.3966685975627,9.12573064562499e-14,1,FALSE
