"(Intercept)","pre","I(pre^2)","tmp","I(tmp^2)","df","logLik","AICc","delta","weight","cw","any_u_shaped"
-48.1361252263742,-0.000507166141467628,NA,5.46699162612922,-0.155570306229693,7,-251.492497721787,517.113583273655,0,0.563794499056376,0.563794499056376,FALSE
-42.4520740291487,NA,NA,4.80742232674175,-0.136663194670024,6,-253.394056348847,518.884442972924,1.77085969926895,0.232585982087326,0.796380481143703,FALSE
-48.1489458850259,-0.000513824788238205,3.06265672176886e-08,5.46847406711602,-0.155612170803407,8,-251.492469689138,519.150456619655,2.03687334600011,0.203619518856134,0.999999999999837,TRUE
0.207965645093847,0.00246191268450013,-9.05816859295184e-06,-0.032784232974151,NA,7,-280.854101506759,575.836790843597,58.7232075699426,9.98937531515284e-14,0.999999999999937,FALSE
-0.39075713640608,0.00259217402703938,-8.82696019418104e-06,NA,NA,6,-283.143399883238,578.383130041705,61.2695467680497,2.79645476797527e-14,0.999999999999965,FALSE
0.269220676831948,0.000573830217345036,NA,-0.0319461753317389,NA,6,-283.29285778308,578.682045841389,61.5684625677342,2.40823607587157e-14,0.999999999999989,FALSE
-0.316148869434344,0.000747954562805248,NA,NA,NA,5,-285.450845793313,580.970420108964,63.8568368353087,7.66981519067259e-15,0.999999999999997,FALSE
0.574315751225428,NA,NA,-0.0454313678572748,NA,5,-286.284338136365,582.637404795066,65.523821521411,3.33275795840906e-15,1,FALSE
-0.22937129957713,NA,NA,NA,NA,4,-291.238797781502,590.523362153394,73.409778879739,6.46234130840417e-17,1,FALSE
