"(Intercept)","pre","I(pre^2)","tmp","I(tmp^2)","df","logLik","AICc","delta","weight","cw","any_u_shaped"
-17.5813434031598,NA,NA,1.99916378365914,-0.0580287870866496,6,-117.779779716835,247.835875223144,0,0.369524558426269,0.369524558426269,FALSE
-22.7190238066674,-0.00058355594533283,NA,2.60189347587593,-0.0754372471475271,7,-117.143907588841,248.657452141378,0.821576918234115,0.245041784015127,0.614566342441396,FALSE
0.744435662545331,NA,NA,-0.064779985383153,NA,5,-119.591509776793,249.379740865062,1.54386564191861,0.170764323573578,0.785330666014974,FALSE
-24.7723435813058,-0.00145006954941644,3.76593724051377e-06,2.84177322329407,-0.0822968791639232,8,-117.03995046263,250.556722117313,2.72084689416903,0.0948023080075958,0.88013297402257,TRUE
0.78466220568549,-6.4971064505243e-05,NA,-0.0666200187409378,NA,6,-119.581784533535,251.439884856544,3.60400963340044,0.0609596631385436,0.941092637161113,FALSE
0.7040953793477,0.000725994507864024,-3.633095490761e-06,-0.0639747685275685,NA,7,-119.468132436005,253.305901835707,5.47002661256354,0.023979610237995,0.965072247399108,FALSE
-0.395479321923138,NA,NA,NA,NA,4,-122.884755669674,253.900230293596,6.06435507045205,0.0178149798305274,0.982887227229636,FALSE
-0.448957355061383,0.000442351736431671,NA,NA,NA,5,-122.319837232627,254.836395776729,7.00052055358503,0.0111557708086158,0.994042998038251,FALSE
-0.508236034663181,0.00189390637917004,-6.84533529356603e-06,NA,NA,6,-121.907429590991,256.091174971456,8.25529974831215,0.00595700196174876,1,FALSE
