"(Intercept)","pre","I(pre^2)","tmp","I(tmp^2)","df","logLik","AICc","delta","weight","cw","any_u_shaped"
-20.2286366431382,NA,NA,2.33619162914791,-0.0669715422793711,6,-385.501754076587,783.047212627679,0,0.649201177381534,0.649201177381534,FALSE
-19.6418219388003,5.92257653902222e-05,NA,2.26770203663891,-0.0650002961908125,7,-385.435766576302,784.929836119808,1.88262349212926,0.253263615094502,0.902464792476036,FALSE
-20.0329209929035,-0.000128671250794536,8.45544761657071e-07,2.31323859485176,-0.0662966368625553,8,-385.381636309087,786.838272618175,3.79105999049568,0.0975351332360582,0.999999925712095,TRUE
0.517643437123687,0.00136880841144833,-3.9902013333335e-06,-0.0284593817391697,NA,7,-401.0383384549,816.134979877004,33.0877672493247,4.24093807779153e-08,0.999999968121475,FALSE
0.574675476727195,0.00052563325228006,NA,-0.0297913557559526,NA,6,-402.368477413695,816.780659301897,33.7334466742177,3.07082046116748e-08,0.99999999882968,FALSE
-0.0121393861604634,0.00171193403561152,-4.69832559799393e-06,NA,NA,6,-406.090299835524,824.224304145554,41.1770915178749,7.42826665332879e-10,0.999999999572507,FALSE
0.0261250764243574,0.000729906388906704,NA,NA,NA,5,-407.939567419794,825.910336087638,42.863123459959,3.19720365579638e-10,0.999999999892227,FALSE
0.881656164225744,NA,NA,-0.0436533382812005,NA,5,-409.026988342565,828.085177933181,45.0379653055016,1.07772856677201e-10,1,FALSE
0.113812160184112,NA,NA,NA,NA,4,-423.447315618687,854.915421258164,71.8682086304848,1.60840747403716e-16,1,FALSE
