"(Intercept)","pre","I(pre^2)","tmp","I(tmp^2)","df","logLik","AICc","delta","weight","cw","any_u_shaped"
-39.2478898321211,0.0033529667581087,-1.29738970091237e-05,4.4699768423326,-0.127766664242281,8,-557.39243785141,1130.91662318681,0,0.913414090784274,0.913414090784274,FALSE
-44.7458809184581,0.000527087630741632,NA,5.1052517570055,-0.145691440960724,7,-561.198828045888,1136.50003269141,5.58340950460115,0.0560074420172765,0.969421532801551,FALSE
-50.549494775622,NA,NA,5.77900788871813,-0.16501349683926,6,-562.816858819922,1137.71042996861,6.79380678180223,0.0305781571814858,0.999999689983037,FALSE
0.433634101907931,0.00583465899913314,-2.07025643408514e-05,-0.0456935907370151,NA,7,-573.377423316889,1160.85722323341,29.9406000466024,2.87838587236593e-07,0.999999977821624,FALSE
-0.398771420830792,0.00598080506211458,-2.02591636975238e-05,NA,NA,6,-576.955092516107,1165.98689736098,35.0702741741716,2.21439162695997e-08,0.99999999996554,FALSE
0.557749449320522,0.00151461007703515,NA,-0.0427687748726071,NA,6,-583.540780070084,1179.15827246893,48.2416492821249,3.05581224194229e-11,0.999999999996098,FALSE
-0.224484373251096,0.00173657659023834,NA,NA,NA,5,-586.610019650782,1183.27478382711,52.3581606403025,3.90155364440341e-12,1,FALSE
1.33642875552638,NA,NA,-0.0769785653254861,NA,5,-600.196414245003,1210.44757301555,79.5309498287445,4.90615631782534e-18,1,FALSE
-0.0264977565966787,NA,NA,NA,NA,4,-610.94022660224,1229.91691628561,99.0002930988003,2.9042045878964e-22,1,FALSE
