"(Intercept)","pre","I(pre^2)","tmp","I(tmp^2)","df","logLik","AICc","delta","weight","cw","any_u_shaped"
-22.9703708594452,0.00394891789012565,-1.67659086702858e-05,2.57907596752892,-0.0732128601435555,8,-1914.32777811401,3844.69672260881,0,0.999999440867053,0.999999440867053,FALSE
-0.393957969063585,0.00551414632649963,-2.15845505635254e-05,NA,NA,6,-1931.19367319392,3874.41134638784,29.7146237790362,3.52818368714732e-07,0.999999793685422,FALSE
-0.239609878849117,0.00545321459334738,-2.15292348792118e-05,-0.00838702712204634,NA,7,-1930.80689289701,3875.64579493948,30.949072330674,1.90324233997478e-07,0.999999984009656,FALSE
-30.4621898076013,0.000257049215475306,NA,3.44793256964686,-0.0978399641738218,7,-1933.90823425037,3881.84847764621,37.1517550374051,8.5624619442452e-09,0.999999992572118,FALSE
-33.1718910102091,NA,NA,3.76323225295879,-0.106895419746118,6,-1935.05438579603,3882.13277159205,37.4360489832466,7.42788221290627e-09,1,FALSE
-0.212756730814486,0.000989374544180392,NA,NA,NA,5,-1966.49904053632,3943.01521903322,98.3184964244119,4.47104997388964e-22,1,FALSE
-0.0207165208975625,0.000927677230990058,NA,-0.0104635521066749,NA,6,-1965.91068091603,3943.84536183206,99.1486392232505,2.95220360165638e-22,1,FALSE
0.492556110144327,NA,NA,-0.0332944200068147,NA,5,-1985.0097073237,3980.03655260799,135.33982999918,4.08628903221708e-30,1,FALSE
-0.0951354881295492,NA,NA,NA,NA,4,-1991.86332798925,3991.73807802304,147.041355414233,1.1759128146902e-32,1,FALSE
