"(Intercept)","pre","I(pre^2)","tmp","I(tmp^2)","df","logLik","AICc","delta","weight","cw","any_u_shaped"
13.4908077886234,0.0011140995602474,NA,-1.58816514138172,0.0464058123378352,7,-568.379227399819,1150.84203688919,0,0.551279615206757,0.551279615206757,TRUE
15.2776384247637,0.00205277718820926,-4.31834220841127e-06,-1.79465051048763,0.0522329795639087,8,-567.721816360924,1151.55117566434,0.709138775150905,0.386709111865453,0.93798872707221,TRUE
-0.936587965944182,0.000795136395504501,NA,0.0515045933130347,NA,6,-571.905848250403,1155.87433632183,5.03229943264409,0.0445268524366551,0.982515579508865,FALSE
-0.944043901172655,0.00106384933833674,-1.29143514679028e-06,0.0513296320771203,NA,7,-571.842409143073,1157.7684003757,6.92636348650831,0.017271545969691,0.999787125478556,FALSE
0.00615995052774616,0.000525675906617925,NA,NA,NA,5,-579.197785161169,1168.44027971131,17.5982428221184,8.3169111008222e-05,0.999870294589564,FALSE
-0.522272331340398,NA,NA,0.0333930352565277,NA,5,-579.444438404342,1168.93358619766,18.0915493084656,6.49893086330489e-05,0.999935283898197,FALSE
-0.00868592453397953,0.00089976996102519,-1.79112437191156e-06,NA,NA,6,-579.07743848479,1170.21751679061,19.3754799014175,3.42010887146114e-05,0.999969484986912,FALSE
0.956487155781261,NA,NA,-0.1334876038883,0.00470213376298003,6,-579.396439960808,1170.85551974265,20.0134828534553,2.48598984526006e-05,0.999994344885364,TRUE
0.068154981253153,NA,NA,NA,NA,4,-582.893563458957,1173.81691098344,22.9748740942473,5.65511463558661e-06,1,FALSE
