"(Intercept)","pre","I(pre^2)","tmp","I(tmp^2)","df","logLik","AICc","delta","weight","cw","any_u_shaped"
13.8306837790805,0.00111941788256344,NA,-1.62696007748643,0.0475110469002117,7,-568.379896489792,1150.84331274096,0,0.550543501810606,0.550543501810606,TRUE
15.5996869336019,0.00208009092149322,-4.4238619184683e-06,-1.83147268650225,0.0532806421546509,8,-567.686070210891,1151.47960310835,0.636290367393485,0.400518834034659,0.951062335845265,TRUE
-0.943350754874984,0.000791101772466108,NA,0.0519666917575478,NA,6,-572.144573030186,1156.35173920493,5.50842646397587,0.0350470955245596,0.986109431369825,FALSE
-0.951265381359182,0.00107984329915429,-1.38735355033558e-06,0.051771912543456,NA,7,-572.071297401631,1158.22611456463,7.38280182367726,0.0137289269570972,0.999838358326922,FALSE
0.00813306180646843,0.000518005918175476,NA,NA,NA,5,-579.577869053997,1169.20041420628,18.3571014653262,5.68326236978269e-05,0.99989519095062,FALSE
-0.530168233059337,NA,NA,0.0338842665367855,NA,5,-579.610233095571,1169.26514228943,18.4218295484734,5.50227359183866e-05,0.999950213686538,FALSE
-0.00773775954534369,0.000917014158925555,-1.90967210180892e-06,NA,NA,6,-579.440973024611,1170.94453919378,20.1012264528258,2.37610581389986e-05,0.999973974744677,FALSE
1.36988398783484,NA,NA,-0.180511726802104,0.00603997648953942,6,-579.529715172734,1171.12202349003,20.2787107490726,2.17433046910583e-05,0.999995718049368,TRUE
0.0690826989217031,NA,NA,NA,NA,4,-583.171028011638,1174.37181792804,23.5285051870821,4.28195063172263e-06,1,FALSE
