"(Intercept)","pre","I(pre^2)","tmp","I(tmp^2)","df","logLik","AICc","delta","weight","cw","any_u_shaped"
-39.1770504336471,0.000334201411443142,NA,4.463695836098,-0.127061330612744,7,-472.650171165801,959.346319343097,0,0.646846980044652,0.646846980044652,FALSE
-38.961294097887,0.000443677408230985,-5.01564879577052e-07,4.43873709548574,-0.126356019177892,8,-472.625694945871,961.310527468744,1.96420812564781,0.242258586957263,0.889105567001916,FALSE
-42.8669135090957,NA,NA,4.89216715433667,-0.139350606117088,6,-475.419456432016,962.873381472977,3.52706212988085,0.110894432998084,1,FALSE
0.279625106819001,0.00290802955261963,-8.1661258309478e-06,-0.0269851901827028,NA,7,-537.025319258059,1088.09661552761,128.750296184515,7.12902219328824e-29,1,FALSE
-0.213280749399551,0.00302421518244463,-8.0227883394433e-06,NA,NA,6,-542.239983818906,1096.51443624676,137.16811690366,1.059554798678e-30,1,FALSE
0.339153805266662,0.00119975327359134,NA,-0.0264177146308413,NA,6,-543.636634117493,1099.30773684393,139.961417500834,2.62159684007302e-31,1,FALSE
-0.144579081971053,0.00134284468165596,NA,NA,NA,5,-548.596943261742,1107.21849685983,147.872177516729,5.02072221607367e-33,1,FALSE
0.973887641762215,NA,NA,-0.0544776912364364,NA,5,-586.961184153858,1183.94697864406,224.600659300961,1.09493432783302e-49,1,FALSE
0.0103554886553476,NA,NA,NA,NA,4,-609.986922541463,1227.99024524693,268.643925903831,2.98891969290062e-59,1,FALSE
