"(Intercept)","pre","I(pre^2)","tmp","I(tmp^2)","df","logLik","AICc","delta","weight","cw","any_u_shaped"
-23.7011118794586,0.00230192584644777,-9.19092881144611e-06,2.77866843315392,-0.0796556554530111,8,187.144000331919,-358.232251534917,0,0.999999449533729,0.999999449533729,FALSE
-27.2690774318558,0.000308199009403568,NA,3.19189405767157,-0.0913283720360092,7,171.692140084739,-329.340936516227,28.8913150186906,5.32513248525761e-07,0.999999982046978,FALSE
-30.5445971187023,NA,NA,3.5727386994397,-0.102258483756569,6,167.29686654526,-322.56123792611,35.6710136088074,1.79530224446323e-08,1,FALSE
1.04682094483407,0.00381446552541835,-1.38179334012672e-05,-0.03719900510935,NA,7,135.257772170854,-256.472200688457,101.76005084646,7.99991698832507e-23,1,FALSE
0.366406296486462,0.00398426830386759,-1.36414113004743e-05,NA,NA,6,116.323094065852,-220.613692967294,137.618558567623,1.30770403637043e-30,1,FALSE
1.14436901424387,0.000933746326399834,NA,-0.0362755541466943,NA,6,99.6437770068169,-187.255058849224,170.977192685693,7.46060597239724e-38,1,FALSE
0.479828948861489,0.00113422280536571,NA,NA,NA,5,82.2095174065735,-154.395832956998,203.836418577919,5.46366246110462e-45,1,FALSE
1.64298926901291,NA,NA,-0.0582844904470225,NA,5,50.8736242301475,-91.7240466041465,266.508204930771,1.34424481267726e-58,1,FALSE
0.612381498089548,NA,NA,NA,NA,4,2.14198958089128,3.73148276322711,361.963734298144,2.51520584467334e-79,1,FALSE
