"(Intercept)","pet","I(pet^2)","pre","I(pre^2)","df","logLik","AICc","delta","weight","cw","any_u_shaped"
3.18355666097304,-3.30817075378728,0.619036612486112,0.0176782715659865,-7.96774735519913e-05,8,-456.805512301905,929.767887348908,0,0.982997220184852,0.982997220184852,TRUE
-0.435724161318878,-0.283659438224576,NA,0.0164556135587034,-7.27940153734491e-05,7,-461.880530931369,937.882933462303,8.11504611339569,0.0169977882993809,0.999995008484233,FALSE
3.05567043220644,-2.58552600161473,0.473243868861842,0.00166679067428236,NA,7,-470.51597633891,955.153824277385,25.3859369284773,3.02041158038752e-06,0.999998028895813,TRUE
-1.09062594347186,NA,NA,0.0159743603283845,-7.07517974095718e-05,6,-472.230556583042,956.552417513911,26.7845301650033,1.50094736998341e-06,0.999999529843183,FALSE
0.239776371165675,-0.273984538091132,NA,0.00179217499774545,NA,6,-473.450120222284,958.991544792394,29.2236574434866,4.43318347114361e-07,0.99999997316153,FALSE
3.62064550116105,-2.9232794544789,0.543856708249988,NA,NA,6,-476.314697788564,964.720699924955,34.9528125760472,2.5272341141317e-08,0.999999998433871,TRUE
0.397187803879087,-0.266189841724222,NA,NA,NA,5,-480.176076643191,970.417299866187,40.6494125172793,1.46434873124975e-09,0.99999999989822,FALSE
-0.411802682491281,NA,NA,0.00172616755507489,NA,5,-482.84870543971,975.762557459224,45.9946701103162,1.01143173660196e-10,0.999999999999363,FALSE
-0.24213234087899,NA,NA,NA,NA,4,-488.92706291167,985.897509771278,56.1296224223705,6.37029647577658e-13,1,FALSE
