"(Intercept)","pet","I(pet^2)","pre","I(pre^2)","df","logLik","AICc","delta","weight","cw"
-2.19217493656775,-0.205851910871282,NA,0.0623315298937311,-0.000339538925700208,7,-550.885587502528,1115.87653718756,0,0.53957819240599,0.53957819240599
-4.30632252021414,0.811364438758724,-0.118279547189011,0.0609386553252977,-0.000332127956626854,8,-550.029214699229,1116.1940226188,0.31748543123922,0.460376665990642,0.999954858396632
-3.62586891253644,NA,NA,0.0738675558466759,-0.000397547751898234,6,-561.301831482025,1134.68261033247,18.8060731449132,4.45007665858685e-05,0.999999359163218
-2.50946900335096,1.16318907591884,-0.165169959683571,0.00352531962579193,NA,7,-564.969641257819,1144.04464469814,28.1681075105826,4.12503426257897e-07,0.999999771666644
0.525657581770562,-0.258898977865244,NA,0.00368262551156002,NA,6,-566.598191805951,1145.27533098032,29.398793792765,2.22939708788671e-07,0.999999994606353
-2.47097499446168,1.33534245995091,-0.1908555678174,NA,NA,6,-570.595490842089,1153.2699290526,37.3933918650409,4.09432690810907e-09,0.99999999870068
1.06258437061212,-0.310427079354298,NA,NA,NA,5,-572.754588163764,1155.5655143557,39.6889771681394,1.29927924402368e-09,0.999999999999959
-0.749686416206022,NA,NA,0.00567700554689232,NA,5,-583.117027921284,1176.29039387074,60.4138566831784,4.10536801984408e-14,1
-0.2605419009895,NA,NA,NA,NA,4,-598.714935747243,1205.46739494664,89.5908577590856,1.89516406098194e-20,1
