"(Intercept)","pet","I(pet^2)","pre","I(pre^2)","df","logLik","AICc","delta","weight","cw"
-2.23181706188127,-0.191272008196126,NA,0.0618099187010874,-0.000336824037802225,7,-560.169131017672,1134.44120321181,0,0.675126280334029,0.675126280334029
-3.41328796073021,0.376590728534228,-0.0659309194886064,0.0610246024285894,-0.000332654341453642,8,-559.886325757407,1135.90512621583,1.46392300401158,0.324711875871808,0.999838156205838
-3.57535583051664,NA,NA,0.0727269956374477,-0.000391600771492946,6,-569.521089687566,1151.11931436136,16.6781111495434,0.000161353798395336,0.999999510004233
0.462548851370546,-0.243582821958653,NA,0.0036439015968064,NA,6,-575.910302594482,1163.89774017519,29.4565369633769,2.7100623598427e-07,0.999999781010469
-1.58491658409198,0.714570359735517,-0.111118647288182,0.00353408029700107,NA,7,-575.126736508053,1164.35641419258,29.9152109807628,2.15466365960585e-07,0.999999996476835
-1.53945340408929,0.884165843950744,-0.136545448802941,NA,NA,6,-580.867384279515,1173.81190354526,39.3707003334416,1.90610167134888e-09,0.999999998382937
0.996247825489671,-0.29513870531767,NA,NA,NA,5,-582.042989658165,1174.14102518789,39.699821976076,1.61688155049021e-09,0.999999999999818
-0.744095241887945,NA,NA,0.00558636832098461,NA,5,-591.135570870081,1192.32618761172,57.8849843999076,1.81894831530795e-13,1
-0.263176157411435,NA,NA,NA,NA,4,-606.637188639932,1221.31104089123,86.8698376794168,9.24356373166771e-20,1
