"(Intercept)","pet","I(pet^2)","pre","I(pre^2)","df","logLik","AICc","delta","weight","cw"
-0.611553592352256,-0.0698604714288822,NA,0.0128128564350013,-5.44649718843351e-05,7,-1576.96251701746,3167.95946379208,0,0.357808247872759,0.357808247872759
-0.178024440878922,-0.077396629910098,NA,0.0033798446260233,NA,6,-1578.39475501805,3168.81532441839,0.855860626314552,0.233239753448291,0.59104800132105
-1.425380061901,0.323516124138129,-0.045659274181457,0.0121343294223142,-5.06656470460806e-05,8,-1576.45473499395,3168.9537504307,0.994286638624089,0.217642520613974,0.808690521935024
-1.17433392363004,0.387551907584434,-0.0538945466869735,0.00335562915702418,NA,7,-1577.67791275323,3169.39025526361,1.43079147153549,0.174967717708548,0.983658239643572
-1.08775405312427,NA,NA,0.016430899967546,-7.20977221606917e-05,6,-1581.23949576243,3174.50480590716,6.54534211508553,0.0135627378014563,0.997220977445028
-0.563554897327895,NA,NA,0.00402735297022341,NA,5,-1583.8284178037,3177.67526878713,9.71580499505035,0.0027790099325865,0.999999987377615
0.329158098298011,-0.127769287717787,NA,NA,NA,5,-1596.81842662926,3203.65528643825,35.6958226461738,6.34455178059545e-09,0.999999993722167
-0.85518633654353,0.423351845444577,-0.0638340297409709,NA,NA,6,-1595.82530775214,3203.67642988659,35.7169660945115,6.27783222097459e-09,0.999999999999999
-0.214718765721882,NA,NA,NA,NA,4,-1613.43130124681,3234.87488750591,66.9154237138368,1.05475285777039e-15,1
