"(Intercept)","pet","I(pet^2)","pre","I(pre^2)","df","logLik","AICc","delta","weight","cw"
-2.728447813815,0.901582218121858,-0.117153984696307,0.0221077588453425,-0.000120329393089414,8,-757.489605701458,1531.0442226896,0,0.902089011879416,0.902089011879416
-0.656331417626213,-0.108056255100824,NA,0.0242866086792154,-0.0001327713907234,7,-760.758664249354,1535.56787001495,4.52364732535534,0.0939619145032282,0.996050926382645
-2.22425129517547,1.09764930989008,-0.141876480227073,0.00124725028089139,NA,7,-764.167978067592,1542.38649765143,11.3422749618312,0.00310674550567733,0.999157671888322
-2.06114037169309,1.09145658257588,-0.143463280615207,NA,NA,6,-766.605330192514,1545.24854942427,14.2043267346714,0.000742709592001327,0.999900381480323
0.405639172485792,-0.127225044980492,NA,0.00127440428779827,NA,6,-769.036887279611,1550.11166359846,19.0674409088649,6.52840678463131e-05,0.99996566554817
-1.39277139291134,NA,NA,0.0298735598483455,-0.000159863428194323,6,-770.211890930805,1552.46167090085,21.4174482112528,2.0160885610744e-05,0.99998582643378
0.602398038055529,-0.147553725581973,NA,NA,NA,5,-771.569693282714,1553.16643796308,22.1222152734849,1.41733131423144e-05,0.999999999746923
-0.229242878585395,NA,NA,0.00236293455289717,NA,5,-782.503008181872,1575.0330677614,43.9888450718013,2.53042257135804e-10,0.999999999999965
-0.0246421005206194,NA,NA,NA,NA,4,-792.392413457947,1592.80285305379,61.7586303641963,3.50375075445011e-14,1
