"(Intercept)","pet","I(pet^2)","pre","I(pre^2)","df","logLik","AICc","delta","weight","cw","any_u_shaped"
-2.72586119612582,0.900545732290301,-0.117024684949084,0.0220868957283258,-0.000120222558382479,8,-757.51588400881,1531.09680866803,0,0.901210332452949,0.901210332452949,FALSE
-0.656027994423235,-0.107975981655593,NA,0.02426280267518,-0.000132648167806033,7,-760.77542278555,1535.60140990519,4.50460123716039,0.0947685928319754,0.995978925284925,FALSE
-2.22205447249758,1.09639923843167,-0.141719956426369,0.00124479667306334,NA,7,-764.177764810472,1542.40609395503,11.3092852870031,0.00315533928868721,0.999134264573612,FALSE
-2.05918794734781,1.09017222182165,-0.143297715661862,NA,NA,6,-766.603759868622,1545.24542587443,14.1486172064015,0.000762944545806177,0.999897209119418,FALSE
0.404907937637526,-0.127119408762239,NA,0.00127180972702032,NA,6,-769.032440547759,1550.1027872327,19.0059785646754,6.72558948466803e-05,0.999964465014265,FALSE
-1.39185253960674,NA,NA,0.0298436286670352,-0.000159709567753939,6,-770.208175021517,1552.45425618022,21.3574475121914,2.07546474811897e-05,0.999985219661746,FALSE
0.60123148982372,-0.14740189408773,NA,NA,NA,5,-771.553086899012,1553.13323739748,22.0364287294562,1.47800690588636e-05,0.999999999730805,FALSE
-0.229459066651441,NA,NA,0.00235917641981281,NA,5,-782.466583946753,1574.96023149297,43.8634228249396,2.69156527822113e-10,0.999999999999961,FALSE
-0.0252242975355964,NA,NA,NA,NA,4,-792.316599985389,1592.65123423588,61.554425567856,3.87661330414631e-14,1,FALSE
