"(Intercept)","pet","I(pet^2)","pre","I(pre^2)","df","logLik","AICc","delta","weight","cw","any_u_shaped"
3.44405301976738,-3.24173673974899,0.641973296592271,0.00839540121539305,-3.59966115432759e-05,8,-340.089589914275,696.357839878177,0,0.813017272155199,0.813017272155199,TRUE
3.35452073825868,-2.89109307636593,0.570518669727395,0.00123759429987731,NA,7,-342.752028056587,699.642841738948,3.28500186077054,0.157315198090561,0.970332470245761,TRUE
3.66893368133625,-3.0575154637294,0.60623718925155,NA,NA,6,-346.164608466322,704.433177328684,8.07533745050659,0.0143404415907617,0.984672911836523,TRUE
-0.294863869160184,-0.101511474660846,NA,0.006697946769254,-2.68663017172644e-05,7,-346.10835995409,706.355505533955,9.99766565577784,0.00548446486929757,0.99015737670582,FALSE
-0.533411366318777,NA,NA,0.00661618754250031,-2.66635869629281e-05,6,-347.498895280688,707.101750957416,10.7439110792388,0.00377649682734366,0.993933873533164,FALSE
-0.044069870579754,-0.100644344313892,NA,0.00134561088222056,NA,6,-347.61444919879,707.332858793621,10.9750189154433,0.0033643773087383,0.997298250841902,FALSE
-0.282453464719642,NA,NA,0.00130460920475226,NA,5,-348.97542538125,708.025016399088,11.6671765209113,0.00238015138744307,0.999678402229345,FALSE
0.0668220182824387,-0.0915351444889558,NA,NA,NA,5,-351.620086460786,713.31433855816,16.9564986799829,0.000169060779668543,0.999847463009014,FALSE
-0.15366159651969,NA,NA,NA,NA,4,-352.735329083853,713.520040883755,17.1622010055783,0.000152536990986344,1,FALSE
