"(Intercept)","pet","I(pet^2)","pre","I(pre^2)","df","logLik","AICc","delta","weight","cw"
2.53302534451562,-1.52254956132688,0.159132260579085,0.0216767814562985,-0.000129183057485406,8,-427.325546191017,870.804283871396,0,0.322786971168465,0.322786971168465
3.39798338046377,-1.49500964899392,0.154273075719693,NA,NA,6,-429.719449412473,871.528070799468,0.723786928072059,0.22477482192044,0.547561793088906
-0.360702874333572,-0.146929302459128,NA,0.0203522991376457,-0.000122806469384723,7,-428.999068869039,872.117160054762,1.31287618336569,0.167428179794363,0.714989972883268
0.510879414378968,-0.157246121401538,NA,NA,NA,5,-431.30965228686,872.682931296943,1.87864742554689,0.12617487743995,0.841164850323218
3.37771505695056,-1.45417489201993,0.14862090653878,-0.00058625472125266,NA,7,-429.564835761197,873.248693839078,2.44440996768185,0.0950865557368664,0.936251406060085
0.627223563090684,-0.168374702124363,NA,-0.000797667120512038,NA,6,-431.020609795142,874.130391564805,3.32610769340909,0.0611872434201988,0.997438649480284
-1.42932965407439,NA,NA,0.0296443604789782,-0.000170288598312535,6,-434.342759064132,880.774690102785,9.97040623138901,0.00220734284143803,0.999645992321722
-0.158592350927641,NA,NA,NA,NA,4,-438.550580378063,885.143533637482,14.3392497660859,0.000248420523538924,0.99989441284526
-0.206620905222748,NA,NA,0.000555692083837754,NA,5,-438.39553970357,886.854706130363,16.0504222589664,0.000105587154739462,1
