"(Intercept)","pet","I(pet^2)","pre","I(pre^2)","df","logLik","AICc","delta","weight","cw"
2.50030572647774,-1.50567988413615,0.157253461812154,0.0215924192717128,-0.000128951599249127,8,-426.868121410611,869.889271514101,0,0.327397915422947,0.327397915422947
3.36500682058662,-1.48145244955354,0.152852903279786,NA,NA,6,-429.325156603713,870.73939061994,0.850119105838189,0.214030118320158,0.541428033743105
-0.359334205548219,-0.146312393189242,NA,0.0202820774278937,-0.000122638246257783,7,-428.505950050147,871.130796066323,1.24152455222202,0.175987685130534,0.717415718873639
0.5043967132455,-0.156019821619603,NA,NA,NA,5,-430.889630438626,871.842820199286,1.95354868518461,0.123273067451385,0.840688786325024
3.34257700436546,-1.43626015068775,0.146597890996455,-0.000648406271822766,NA,7,-429.13423332649,872.38736261901,2.49809110490833,0.0938906441934456,0.934579430518469
0.629270501695101,-0.167960021448692,NA,-0.000855612216833033,NA,6,-430.553899083512,873.196875579538,3.30760406543652,0.0626381341983613,0.997217564716831
-1.42230036695784,NA,NA,0.0295076307306547,-0.000169773530591631,6,-433.814396475975,879.717870364464,9.82859885036271,0.00240338190529115,0.999620946622122
-0.160037961584054,NA,NA,NA,NA,4,-438.028304834104,884.098937710536,14.2096661964349,0.000268835180149236,0.999889781802271
-0.201952600420369,NA,NA,0.000484629636045859,NA,5,-437.909325656124,885.882210634282,15.9929391201804,0.000110218197729116,1
