"(Intercept)","pet","I(pet^2)","pre","I(pre^2)","df","logLik","AICc","delta","weight","cw"
-1.43520571281057,NA,NA,0.0351475889466046,-0.000176106923056205,6,-1276.77604838795,2565.57322885138,0,0.560023901064089,0.560023901064089
-1.33570196242353,-0.0175615459905946,NA,0.0346581301839988,-0.000173988660692514,7,-1276.34908210216,2566.72634739506,1.15311854367792,0.314637188177924,0.874661089242013
-0.990399107791101,-0.188733777814904,0.0204714139592876,0.0349327568876335,-0.000175633085117746,8,-1276.26545020882,2568.56714506904,2.9939162176629,0.12533891075777,0.999999999999783
0.0223720874517605,-0.0326777941942074,NA,0.00435773432200274,NA,6,-1306.15103504124,2624.32320215795,58.749973306567,9.79065963716399e-14,0.999999999999881
-0.133666972790853,NA,NA,0.00458470296233228,NA,5,-1307.61689134739,2625.24887323803,59.6756443866539,6.16318255641807e-14,0.999999999999943
-0.816350291261838,0.368519801648758,-0.0479409279097646,0.00438526864405142,NA,7,-1305.68651778747,2625.40121876568,59.8279899142963,5.71115071181567e-14,1
0.693115358168158,-0.102884615754362,NA,NA,NA,5,-1365.45957373154,2740.93423800633,175.361009154952,4.66710158597656e-39,1
0.533545008777432,-0.0262519674264679,-0.00916733316171355,NA,NA,6,-1365.4430889618,2742.90730999906,177.334081147685,1.74020380770714e-39,1
0.263764032298749,NA,NA,NA,NA,4,-1381.20098281485,2770.41202346224,204.838794610864,1.85364887909739e-45,1
