"(Intercept)","pet","I(pet^2)","pre","I(pre^2)","df","logLik","AICc","delta","weight","cw"
-1.80645619326863,0.828688708175364,-0.111883544017227,0.0115167287085578,-6.2475255187926e-05,8,-1130.82816391066,2277.68827812085,0,0.936200113465761,0.936200113465761
-1.48127204427309,0.900981432857415,-0.121404876798174,0.000706790224280655,NA,7,-1135.02184853101,2284.06854178253,6.38026366167333,0.0385400291455502,0.974740142611311
-1.45939010444804,0.928993074695621,-0.125814360806867,NA,NA,6,-1136.83975428033,2285.69813796852,8.00985984766339,0.0170627773239682,0.99180291993528
0.174148691893523,-0.129281239290895,NA,0.0128741125768222,-6.98082039306964e-05,7,-1136.58725054721,2287.19934581491,9.51106769405897,0.00805501922252125,0.999857939157801
0.731406124678941,-0.139700861147699,NA,0.000803859003153616,NA,6,-1141.85825782126,2295.73514505038,18.0468669295278,0.000112860333134026,0.999970799490935
0.84827577327462,-0.150886517307865,NA,NA,NA,5,-1144.21288556193,2298.43907489327,20.7507967724173,2.92005090644894e-05,0.999999999999999
-0.703760158058402,NA,NA,0.0196737216783249,-0.000103720360142982,6,-1167.92504578871,2347.86872098528,70.1804428644264,5.3936051847403e-16,1
0.048569213115529,NA,NA,0.00185627988595805,NA,5,-1179.7789421298,2369.57118802899,91.8829099081427,1.04531771938075e-20,1
0.208966038895508,NA,NA,NA,NA,4,-1193.44179609606,2394.89245940561,117.204181284753,3.31744778072613e-26,1
