"(Intercept)","pet","I(pet^2)","pre","I(pre^2)","df","logLik","AICc","delta","weight","cw"
-0.285327175098894,NA,NA,0.00185695947216389,NA,5,-253.686091165364,517.456451993649,0,0.180390889872928,0.180390889872928
-0.914964358363601,NA,NA,0.0168971689160131,-8.83485590186425e-05,6,-252.693940567176,517.506024594269,0.0495726006198538,0.175974624637544,0.356365514510472
-3.33952838911493,1.52644735981384,-0.180493378857991,NA,NA,6,-252.924030764618,517.966204989153,0.509752995503845,0.139805141827554,0.496170656338026
-3.19038350743343,1.38135864885317,-0.161536872904212,0.00143600396482894,NA,7,-252.110779954631,518.379306388135,0.922854394486535,0.113715408389733,0.609886064727759
-0.125205263427943,NA,NA,NA,NA,4,-255.249363743569,518.554828468905,1.09837647525671,0.104161009384976,0.714047074112735
-3.82215712650101,1.36805481116434,-0.158260406979471,0.0163189185959272,-8.66362375477541e-05,8,-251.211562462753,518.626227887425,1.1697758937762,0.10050808377832,0.814555157891054
-0.226276628615072,-0.0118587688395056,NA,0.00175566004798769,NA,6,-253.649326304594,519.416796069104,1.96034407545505,0.0676910566836417,0.882246214574696
-0.942141197873336,0.00361520076968495,NA,0.0171472177308016,-8.96359806452088e-05,7,-252.690725229803,519.539196938479,2.08274494482987,0.063672555785072,0.945918770359768
0.0231549098051077,-0.034965824448841,NA,NA,NA,5,-254.890730103215,519.865729869351,2.40927787570217,0.0540812296402322,1
