"(Intercept)","pet","I(pet^2)","pre","I(pre^2)","df","logLik","AICc","delta","weight","cw"
-0.976386994841343,NA,NA,0.0182832848196981,-9.50097362119187e-05,6,-259.367956700899,530.852095974412,0,0.203200257976534,0.203200257976534
-0.298098951759098,NA,NA,0.00209594359253603,NA,5,-260.534338830779,531.151550589735,0.299454615322361,0.17494378217724,0.378144040153774
-3.96715652714201,1.41387379290232,-0.163719197467916,0.0174542802256723,-9.20165700586927e-05,8,-257.776539898968,531.752802405426,0.900706431013873,0.129520448191364,0.507664488345138
-3.3076962066935,1.43438921748126,-0.167977411928707,0.00163133075683624,NA,7,-258.805403134091,531.765930921922,0.913834947509486,0.128673026910042,0.63633751525518
-3.49256298058732,1.60643383318307,-0.190341807515233,NA,NA,6,-259.875246048705,531.866674670025,1.01457869561227,0.122352061318564,0.758689576573744
-0.992523918619475,0.00213685794231698,NA,0.0184326976111894,-9.57807906570511e-05,7,-259.36682615046,532.888776954659,2.03668098024696,0.0733946830620211,0.832084259635765
-0.224717282910891,-0.0147482003782995,NA,0.00197141460096636,NA,6,-260.476997431015,533.070177434644,2.21808146023159,0.0670307356440373,0.899114995279802
-0.11725195008506,NA,NA,NA,NA,4,-262.563466949519,533.182106312831,2.3300103384189,0.0633824377558179,0.96249743303562
0.0556731681749258,-0.0407155723079194,NA,NA,NA,5,-262.074394125374,534.231661178924,3.37956520451201,0.03750256696438,1
