"(Intercept)","pet","I(pet^2)","pre","I(pre^2)","df","logLik","AICc","delta","weight","cw","any_u_shaped"
-2.38621308784917,0.557229460336335,-0.0934580825874281,0.0467131921270232,-0.000258736726786953,8,-1294.85287722896,2605.7656297178,0,0.599061612997904,0.599061612997904,FALSE
-0.747334682543433,-0.243886270345491,NA,0.0483559398162446,-0.000268159258375631,7,-1296.26109639923,2606.56874308941,0.803113371602194,0.400938386865698,0.999999999863602,FALSE
-1.35583183796636,1.00611311996747,-0.150032544389691,0.00186196139111751,NA,7,-1318.17782407644,2650.40219844383,44.6365687260213,1.2155245846625e-10,0.999999999985155,FALSE
1.39611211792926,-0.28212723821487,NA,0.00187724387631099,NA,6,-1321.81735219799,2655.66960260953,49.9039728917223,8.7289391409307e-12,0.999999999993884,FALSE
-1.09325252537172,0.987656231398228,-0.151361377355727,NA,NA,6,-1322.23923547699,2656.51336916752,50.7477394497155,5.72453065647098e-12,0.999999999999608,FALSE
1.68543162149576,-0.312239196055038,NA,NA,NA,5,-1325.93204099797,2661.88899893945,56.1233692216497,3.89436552650735e-13,0.999999999999998,FALSE
-2.37356378171897,NA,NA,0.0602815220999716,-0.000325916027437089,6,-1330.06367520175,2672.16224861704,66.3966188992317,2.28891090911737e-15,1,FALSE
0.00164727625176463,NA,NA,0.00416830239018402,NA,5,-1367.39442843419,2744.81377381189,139.048144094087,3.83310434710204e-31,1,FALSE
0.360423579899039,NA,NA,NA,NA,4,-1389.34773450383,2786.71207340783,180.946443690025,3.05809156048606e-40,1,FALSE
