"(Intercept)","pet","I(pet^2)","pre","I(pre^2)","df","logLik","AICc","delta","weight","cw"
-2.39011743619718,0.558846276813104,-0.0936374022144711,0.0467149654854687,-0.00025874154261492,8,-1294.81752579879,2605.69495176397,0,0.599997592150422,0.599997592150422
-0.747839785163366,-0.243833541773401,NA,0.0483592010260288,-0.00026817441093822,7,-1296.22964613446,2606.50586191548,0.810910151512417,0.400002407711756,0.999999999862178
-1.35964654157056,1.00770894823541,-0.15020970883127,0.00186287804030255,NA,7,-1318.13327086981,2650.31311138619,44.6181596222227,1.22868130188524e-10,0.999999999985047
1.39585928691346,-0.282093678377421,NA,0.00187765870810425,NA,6,-1321.77742192216,2655.58975656252,49.8948047985523,8.78274569069378e-12,0.999999999993829
-1.0959885025594,0.988834035867881,-0.151493362209242,NA,NA,6,-1322.19642418933,2656.42776109686,50.7328093328942,5.77643559055765e-12,0.999999999999606
1.68535505361223,-0.312228364948881,NA,NA,NA,5,-1325.89163288556,2661.80819306652,56.1132413025475,3.92025193469543e-13,0.999999999999998
-2.37402636289822,NA,NA,0.0602834107224655,-0.000325922756699945,6,-1329.98739958372,2672.00971188564,66.3147601216733,2.38826389260857e-15,1
0.00123706305035772,NA,NA,0.00416902910676159,NA,5,-1367.30377535907,2744.63247801353,138.937526249563,4.05741114485023e-31,1
0.360115459147668,NA,NA,NA,NA,4,-1389.25493699841,2786.52648529249,180.831533528525,3.24400059167132e-40,1
