"(Intercept)","pet","I(pet^2)","pre","I(pre^2)","df","logLik","AICc","delta","weight","cw"
-2.41016874324746,0.567424774287736,-0.0946882836230947,0.0468055087001176,-0.000259154408894705,8,-1294.15815691925,2604.37626388013,0,0.607313949575209,0.607313949575209
-0.74912362467446,-0.244275480973561,NA,0.0484616887852661,-0.000268662618926193,7,-1295.60086317104,2605.24833474825,0.872070868119408,0.392686050295715,0.999999999870925
-1.37538711499275,1.01576370965539,-0.1512050189214,0.00187986426860835,NA,7,-1317.54575435245,2649.13811711105,44.7618532309207,1.15744490545167e-10,0.999999999986669
1.39852938381989,-0.282597460899757,NA,0.00189263329087545,NA,6,-1321.23414643919,2654.50323464211,50.126970761984,7.9155274342859e-12,0.999999999994585
-1.10613873700437,0.99512460411382,-0.152310191724391,NA,NA,6,-1321.67757854106,2655.39009884585,51.0138349657163,5.08042147949774e-12,0.999999999999665
1.69002460905627,-0.31293031893459,NA,NA,NA,5,-1325.40808098876,2660.84111000247,56.4648461223428,3.32834019980829e-13,0.999999999999998
-2.37836873926575,NA,NA,0.0604025016943793,-0.000326490255611599,6,-1329.45930113247,2670.95354402866,66.5772801485282,2.12002295006987e-15,1
0.00110234127187824,NA,NA,0.00418659674765428,NA,5,-1366.88592212092,2743.79679226679,139.420528386662,3.22574613432192e-31,1
0.361089044270605,NA,NA,NA,NA,4,-1388.97667080755,2785.96996671902,181.593702838888,2.24306423654454e-40,1
