"(Intercept)","pet","I(pet^2)","pre","I(pre^2)","df","logLik","AICc","delta","weight","cw"
-3.64938069626584,1.32720410126241,-0.168679302551983,0.0262707965500622,-0.000137279115071132,8,-3601.14799659048,7218.31641292005,0,0.999990381776193,0.999990381776193
-0.71251440115939,-0.10995807641923,NA,0.0288521709481445,-0.000151901117855648,7,-3613.70226632896,7241.4204124254,23.1039995053552,9.61670015898436e-06,0.999999998476352
-3.10722494686801,1.56706879966034,-0.199087274532624,0.00251972568579046,NA,7,-3622.45242232595,7258.92072441937,40.6043114993199,1.52363734906499e-09,0.999999999999989
-1.42761985071899,NA,NA,0.0339178277185117,-0.000176602164835857,6,-3635.32964010409,7282.6711883454,64.3547754253505,1.06055671276002e-14,1
0.496436633414958,-0.131637819677758,NA,0.00258174336777607,NA,6,-3640.16249806534,7292.33690426791,74.0204913478647,8.44598591364314e-17,1
-2.84739384544511,1.58487324665905,-0.205678995285197,NA,NA,6,-3646.54436080115,7305.10062973952,86.7842168194748,1.42903406766848e-19,1
0.885226572876873,-0.171054037014765,NA,NA,NA,5,-3665.32326333726,7340.65503128118,122.338618361135,2.71958341411221e-27,1
-0.144912281548843,NA,NA,0.00356331289729759,NA,5,-3671.87770634199,7353.76391729064,135.447504370588,3.87207673157645e-30,1
0.161553708807464,NA,NA,NA,NA,4,-3725.01649887476,7458.03866668377,239.722253763719,8.80987656049051e-53,1
