"(Intercept)","pet","I(pet^2)","pre","I(pre^2)","df","logLik","AICc","delta","weight","cw","any_u_shaped"
4.94102731993581,-4.27743888396538,0.849509616674413,0.00957084967774646,-4.0705466251964e-05,8,-3334.34229704572,6684.70639245656,0,0.999999999999999,0.999999999999999,TRUE
5.0166019313978,-4.02095984018772,0.799267323382297,0.00128458196358225,NA,7,-3369.80677288139,6753.63049748066,68.9241050241062,1.07974389942855e-15,1,TRUE
5.4178583816162,-4.24600836057515,0.845187256335648,NA,NA,6,-3399.71864696354,6811.45000579148,126.743613334925,3.00589673076459e-28,1,TRUE
0.0216927289218301,-0.162739433622862,NA,0.00881008560899389,-3.62228432242728e-05,7,-3400.18375832951,6814.38446837689,129.678075920328,6.93048458653179e-29,1,FALSE
-0.346268241306697,NA,NA,0.00831374931382661,-3.36819359271888e-05,6,-3427.61096179157,6867.23463544754,182.528242990985,2.31470494133772e-40,1,FALSE
0.349937638758219,-0.150978289905733,NA,0.0014283224905389,NA,6,-3427.87584998825,6867.7644118409,183.058019384341,1.77605396106593e-40,1,FALSE
-0.0146618047742518,NA,NA,0.00144844917634846,NA,5,-3451.40528515989,6912.81964884906,228.1132563925,2.92304667285788e-50,1,FALSE
0.498797331249197,-0.153982631594313,NA,NA,NA,5,-3464.34572704873,6938.70053262673,253.994140170174,7.01250597276286e-56,1,FALSE
0.128980064384125,NA,NA,NA,NA,4,-3488.52497261898,6985.05599667518,300.349604218617,6.02437673949268e-66,1,FALSE
