"(Intercept)","pet","I(pet^2)","pre","I(pre^2)","df","logLik","AICc","delta","weight","cw"
-3.64848676692262,1.32617835659799,-0.168540506886572,0.0262902374594402,-0.00013737229688682,8,-3601.16971210249,7218.35984394406,0,0.99999017284514,0.99999017284514
-0.714194134859919,-0.109784738020044,NA,0.0288709924480668,-0.000151988505716053,7,-3613.70248228784,7241.42084434316,23.0610003990996,9.82569144353452e-06,0.999999998536584
-3.10640654651291,1.56646038005341,-0.199000832266637,0.00252228424342495,NA,7,-3622.51447257634,7259.04482492016,40.6849809761015,1.46340442858393e-09,0.999999999999988
-1.42819539353445,NA,NA,0.0339285776540496,-0.000176645337967567,6,-3635.25482988469,7282.5215679066,64.1617239625393,1.16803107976964e-14,1
0.495577292276473,-0.131491819499348,NA,0.00258469230346993,NA,6,-3640.2082815712,7292.42847127963,74.0686273355732,8.24513299207726e-17,1
-2.84695215967575,1.58461385783658,-0.205641492158481,NA,NA,6,-3646.64324452197,7305.29839718117,86.9385532371143,1.32290532420745e-19,1
0.884938493798599,-0.170983056610679,NA,NA,NA,5,-3665.41429119507,7340.83708699679,122.477243052736,2.53746653795547e-27,1
-0.145125781044507,NA,NA,0.0035660585023874,NA,5,-3671.84322319842,7353.69495100349,135.335107059434,4.0959121219336e-30,1
0.161581873381465,NA,NA,NA,NA,4,-3725.05073240897,7458.10713375219,239.747289808131,8.70027989877505e-53,1
