"(Intercept)","pet","I(pet^2)","pre","I(pre^2)","df","logLik","AICc","delta","weight","cw","any_u_shaped"
2.05381679023716,-2.31470472277986,0.466015963794005,0.0201700190628307,-9.14223226752272e-05,8,-1465.0608628501,2946.18768996956,0,0.823396832361428,0.823396832361428,TRUE
-0.601590641042721,-0.0848316335627435,NA,0.0201561478162163,-9.11466038518116e-05,7,-1468.04653219467,2950.14434644062,3.9566564710608,0.113875987436622,0.93727281979805,FALSE
-0.789490169784475,NA,NA,0.019846463884482,-8.94067175709584e-05,6,-1469.64926642937,2951.33697679467,5.14928682511027,0.0627271802019502,1,FALSE
2.73385160389666,-2.16124277157298,0.443483292690488,0.00134295986871126,NA,7,-1508.68382635192,3031.41893475512,85.2312447855625,2.55787633461831e-19,1,TRUE
0.109316452722509,NA,NA,0.00140677623716823,NA,5,-1511.59435432236,3033.21615603722,87.0284660676616,1.04140078587497e-19,1,FALSE
0.204522716654167,-0.039323292369136,NA,0.0013839207948257,NA,6,-1511.26222946051,3034.56290285695,88.3752128873916,5.31099074860884e-20,1,FALSE
3.1120185391014,-2.3528122482163,0.480563202817006,NA,NA,6,-1515.77354480709,3043.5855335501,97.3978435805352,5.83359377801777e-22,1,TRUE
0.249235410086401,NA,NA,NA,NA,4,-1519.40774140322,3046.83377270127,100.646082731713,1.14971451454655e-22,1,FALSE
0.376733294134236,-0.0539483424890643,NA,NA,NA,5,-1518.78416955774,3047.59578650798,101.408096538419,7.8545411342741e-23,1,FALSE
