"(Intercept)","pet","I(pet^2)","pre","I(pre^2)","df","logLik","AICc","delta","weight","cw","any_u_shaped"
-3.6885378333854,NA,NA,0.0895944345666893,-0.000500337891287821,6,-1444.97531583021,2901.98905800992,0,0.47177743652363,0.47177743652363,FALSE
-3.45364870404631,-0.0409066502954917,NA,0.0883680559460787,-0.000494749741026057,7,-1444.37569226561,2902.80264311245,0.813585102530396,0.314101062847188,0.785878499370818,FALSE
-5.32805914281938,0.885216924188197,-0.110696387495116,0.0870107675039251,-0.000486663665414873,8,-1443.75152569972,2903.56898546538,1.57992745546699,0.214121500629182,1,FALSE
-4.78005653872431,2.39879132825262,-0.29731091452531,0.00250824125879598,NA,7,-1504.9270466171,3023.90535181543,121.916293805514,1.58471197360055e-27,1,FALSE
0.424760781658197,-0.0908655421297203,NA,0.00237899741868123,NA,6,-1509.26541366684,3030.56925368317,128.580195673252,5.66112096415178e-29,1,FALSE
-4.08090549087302,2.20688713807941,-0.279018935963028,NA,NA,6,-1510.16971681363,3032.37785997676,130.388801966841,2.29175700853736e-29,1,FALSE
-0.00555492951944848,NA,NA,0.0029526834508396,NA,5,-1512.06153713437,3034.15050911099,132.161451101077,9.44588599140777e-30,1,FALSE
0.785304247726739,-0.127715627120145,NA,NA,NA,5,-1513.97812924673,3037.9836933357,135.994635325785,1.38956005456592e-30,1,FALSE
0.250364112494878,NA,NA,NA,NA,4,-1520.05155115492,3048.12138384549,146.132325835571,8.7398865901352e-33,1,FALSE
