"(Intercept)","pet","I(pet^2)","pre","I(pre^2)","df","logLik","AICc","delta","weight","cw"
-0.702573451919974,0.0904885095090887,-0.0345397160367718,0.0257528325033502,-0.000141836001302247,8,-1464.08287286112,2944.18873422798,0,0.503123520811193,0.503123520811193
-0.0890577701851673,-0.207596022651541,NA,0.0263723246344424,-0.000145358881464661,7,-1465.09792281228,2944.21372271953,0.024988491556087,0.496876479188776,0.999999999999969
-0.0661011636496545,0.302460441499391,-0.0613375409275978,0.00113265250091174,NA,7,-1495.61914796251,3005.25617302,61.0674387920176,2.76088791159378e-14,0.999999999999997
1.07345274105668,-0.227762948780156,NA,0.00114711615922253,NA,6,-1498.84709210799,3009.70758989743,65.5188556694488,2.98150733386996e-15,1
0.0752630157072278,0.299489656412544,-0.0630167590901093,NA,NA,6,-1502.47251849219,3016.95844266584,72.7697084378601,7.94206082359063e-17,1
1.24827615478865,-0.245478576955488,NA,NA,NA,5,-1505.87125380559,3021.75208157001,77.5633473420289,7.22782695892417e-18,1
-1.51763670231729,NA,NA,0.0373596656789622,-0.000198582548351991,6,-1589.60485668966,3191.22311906078,247.034384832805,1.14508976860293e-54,1
-0.0675400478132527,NA,NA,0.00313847464410556,NA,5,-1651.65177886224,3313.31313168332,369.124397455341,3.52638841048577e-81,1
0.204610296431905,NA,NA,NA,NA,4,-1708.55623196525,3425.11884555142,480.930111323444,1.85792362187483e-105,1
