"(Intercept)","pet","I(pet^2)","pre","I(pre^2)","df","logLik","AICc","delta","weight","cw"
-0.704179220193152,0.0904667340157357,-0.0345163327789496,0.0257655202137559,-0.000141869278045756,8,-1464.12066241973,2944.26432068744,0,0.502728054496073,0.502728054496073
-0.0910725882445736,-0.207417303449959,NA,0.0263846752721862,-0.000145390519325929,7,-1465.1341312681,2944.28614533998,0.0218246525373615,0.497271945503897,0.99999999999997
-0.0676978230684913,0.302553978987001,-0.0613279740590381,0.0011395754881806,NA,7,-1495.66779086545,3005.35346453467,61.089143847229,2.72894060223142e-14,0.999999999999997
1.0716999636706,-0.227589208633185,NA,0.00115395178666366,NA,6,-1498.89407425791,3009.80155847751,65.5372377900694,2.951907577066e-15,1
0.0748074571785449,0.29946534452896,-0.0630068576746144,NA,NA,6,-1502.59980274108,3017.21301544385,72.9486947564128,7.25646866326598e-17,1
1.24764660712901,-0.245418617873568,NA,NA,NA,5,-1505.99664161451,3022.00286024419,77.7385395567476,6.61643028944069e-18,1
-1.51854315344772,NA,NA,0.0373619097940364,-0.0001985560760411,6,-1589.3900386614,3190.79348728449,246.529166597056,1.47300689875273e-54,1
-0.0686592599011919,NA,NA,0.00314545158094048,NA,5,-1651.41883214059,3312.84724129634,368.582920608904,4.61922215340919e-81,1
0.204211802049331,NA,NA,NA,NA,4,-1708.54761887953,3425.10162141689,480.837300729457,1.94464316484918e-105,1
