"(Intercept)","pet","I(pet^2)","pre","I(pre^2)","df","logLik","AICc","delta","weight","cw","any_u_shaped"
1.70158062194304,-1.51383067232037,0.28803653833785,0.00651453514138166,-2.50339530819782e-05,8,-1039.05002999493,2094.13071785657,0,0.999896264954119,0.999896264954119,TRUE
0.0180020287457231,-0.112543079152741,NA,0.00626985321545637,-2.3498701296007e-05,7,-1049.22834635448,2112.48053264085,18.3498147842774,0.000103596073175831,0.999999861027295,FALSE
1.76509402987448,-1.3661036590162,0.258994421949257,0.00137834422129401,NA,7,-1055.84315146325,2125.71014285839,31.5794250018162,1.38857689984034e-07,0.999999999884985,TRUE
0.238283417363986,-0.106452910054029,NA,0.00144195815280759,NA,6,-1064.05673852262,2140.13135318909,46.0006353325202,1.02575561180482e-10,0.999999999987561,FALSE
-0.240644345950747,NA,NA,0.00599580033371179,-2.20441099946733e-05,6,-1066.16648582922,2144.35084780231,50.2201299457315,1.24391953486679e-11,1,FALSE
-0.0201101034840244,NA,NA,0.00146550277492353,NA,5,-1079.15227672917,2168.31731941578,74.1866015592091,7.77211292294656e-17,1,FALSE
2.27943686282365,-1.67343592078566,0.32112034002275,NA,NA,6,-1097.788490951,2207.59485804587,113.464140189296,2.29895228244015e-25,1,TRUE
0.394767600825687,-0.111886100867359,NA,NA,NA,5,-1110.2587566554,2230.53027926825,136.399561411679,2.40528486506332e-30,1,FALSE
0.1257419744361,NA,NA,NA,NA,4,-1126.53444796605,2261.07740476001,166.94668690344,5.59683493976077e-37,1,FALSE
