"(Intercept)","pet","I(pet^2)","pre","I(pre^2)","df","logLik","AICc","delta","weight","cw"
-1.17787144043562,0.26983034666692,-0.0444966933692237,0.0213924624503711,-0.000114888864840521,8,-1521.70301180401,3059.43194620028,0,0.554398896914056,0.554398896914056
-0.394401442539449,-0.111905100465663,NA,0.0221299429553377,-0.000119107300262197,7,-1522.92435430788,3059.86886700308,0.436920802806071,0.445601055255281,0.999999952169337
-0.690249414263007,0.454628553016665,-0.0678204623252995,0.0014567268852809,NA,7,-1539.11511732948,3092.25039304629,32.8184468460154,4.14368919170621e-08,0.999999993606229
0.555150768505091,-0.128073546983381,NA,0.00146529420704609,NA,6,-1541.9881276469,3095.99137136362,36.5594251633415,6.38328231484396e-09,0.999999999989512
-0.493636288030787,0.443678413280119,-0.0691608327160665,NA,NA,6,-1548.58805543233,3109.19122693448,49.7592807341975,8.68424034181445e-12,0.999999999998196
0.777702236528188,-0.150674097074403,NA,NA,NA,5,-1551.56128848123,3113.13337221254,53.7014260122628,1.20977850483329e-12,0.999999999999406
-1.13501929390763,NA,NA,0.0274714413057382,-0.000144866603718145,6,-1551.26996430655,3114.55504468292,55.1230984826439,5.94283413564775e-13,1
-0.0771908195178165,NA,NA,0.00249542712721474,NA,5,-1579.94909375214,3169.90898275438,110.4770365541,5.67595157088033e-25,1
0.138553365841238,NA,NA,NA,NA,4,-1610.95323920891,3229.91367395659,170.481727756315,5.29889779018595e-38,1
