"(Intercept)","pet","I(pet^2)","pre","I(pre^2)","df","logLik","AICc","delta","weight","cw","any_u_shaped"
1.94923598723189,-1.29607184592479,0.234732057968026,0.00735148939478475,-3.00092617531206e-05,8,-31.1480154913988,78.3259375248537,0,0.999932586359385,0.999932586359385,TRUE
0.582774070496481,-0.156434455636822,NA,0.00716845216933685,-2.88544362948902e-05,7,-41.7559366170444,97.5351290480423,19.2091915231886,6.74136406152365e-05,1,FALSE
2.02352058844325,-1.11816992413952,0.200000786262251,0.00118939658161121,NA,7,-71.2995454470201,156.622346707994,78.29640918314,9.95683914600265e-18,1,TRUE
0.850042907136181,-0.147447193224572,NA,0.00123576902281463,NA,6,-78.9046000941762,169.826638427921,91.5007009030669,1.35159312926221e-20,1,FALSE
0.225717303540355,NA,NA,0.00671196115480611,-2.64613318786139e-05,6,-94.6559075623882,201.329253364345,123.003315839491,1.950473522564e-27,1,FALSE
2.46361173794523,-1.37965561713852,0.252882808679246,NA,NA,6,-122.697590620761,257.41261948109,179.086681956236,1.29357568501914e-39,1,TRUE
0.490986004521486,NA,NA,0.00126944277290227,NA,5,-125.366686628964,260.745826558053,182.419889033199,2.44340311597593e-40,1,FALSE
0.986168396927696,-0.152483930995843,NA,NA,NA,5,-134.668289084519,279.349031469162,201.023093944308,2.23028572188634e-44,1,FALSE
0.61850304389386,NA,NA,NA,NA,4,-183.048688432134,374.105677341546,295.779739816693,5.91856322141063e-65,1,FALSE
