"(Intercept)","pet","I(pet^2)","pre","I(pre^2)","df","logLik","AICc","delta","weight","cw"
-1.42316284916505,0.961682734611053,-0.130004984729361,0.00629606797457144,-3.15179596657618e-05,8,-184.830946085945,385.688367626938,0,0.778513119906665,0.778513119906665
-1.30591860668428,1.02050308218869,-0.13738974611709,0.00082626876786778,NA,7,-187.103771246795,388.228130728884,2.53976310194645,0.218657000214171,0.997170120120837
-1.20434413164316,1.01887702766114,-0.138689143145017,NA,NA,6,-192.453678144826,396.922794628193,11.2344270012549,0.00282970465298749,0.999999824773824
0.842809901503065,-0.149401991076957,NA,0.00856447289320884,-4.44469209555744e-05,7,-201.168137526687,416.356863288668,30.6684956617306,1.70485213911008e-07,0.999999995259038
1.1979303202087,-0.155599648146561,NA,0.000852951389555493,NA,6,-205.762576724517,423.540591787575,37.8522241606373,4.69634394319369e-09,0.999999999955382
1.3272738447112,-0.168765092864758,NA,NA,NA,5,-211.421180174941,432.853385708206,47.1650180812677,4.46182353693402e-11,1
-0.129517994860917,NA,NA,0.0154190123020375,-7.7660034461726e-05,6,-282.466964822004,576.949367982549,191.261000355611,2.28805999072564e-42,1
0.438081991621248,NA,NA,0.00202657006921782,NA,5,-296.4438807435,602.898786845324,217.210419218386,5.30423426476604e-48,1
0.613013755357822,NA,NA,NA,NA,4,-331.069530962563,670.146410813606,284.458043186668,1.32430095256722e-62,1
