"(Intercept)","pet","I(pet^2)","pre","I(pre^2)","df","logLik","AICc","delta","weight","cw"
-1.37591525067004,0.926389797117146,-0.125885061451809,0.0068508864068511,-3.45828674821831e-05,8,-196.321805508214,408.670622834099,0,0.8412422943514,0.8412422943514
-1.24748789535757,0.991028346284908,-0.134002669533722,0.000849967037613913,NA,7,-199.002931919902,412.026869091117,3.35624625701803,0.157080214090379,0.998322508441779
-1.14237415862111,0.989083734542149,-0.135311217876354,NA,NA,6,-204.545500709621,421.106752403678,12.436129569579,0.00167667880732544,0.999999187249105
0.817739154711182,-0.149155722299249,NA,0.00902952405953847,-4.70047435547403e-05,7,-211.192467455192,436.405940161697,27.7353173275978,7.9849732316633e-07,0.999999985746428
1.19325145568347,-0.15571815077489,NA,0.000875216745242989,NA,6,-216.228748388268,444.473247760973,35.8026249268742,1.41409920295396e-08,0.99999999988742
1.32607176373945,-0.169255517901731,NA,NA,NA,5,-222.064168735586,454.139586065097,45.468963230998,1.12579984527899e-10,1
-0.151307332955295,NA,NA,0.0158411784980535,-8.00062116694222e-05,6,-290.158581909756,592.332914803949,183.66229196985,1.10448832895696e-40,1
0.433332321679811,NA,NA,0.00204564410796762,NA,5,-304.698362062485,619.407972718896,210.737349884797,1.45843475863568e-46,1
0.609894157452354,NA,NA,NA,NA,4,-339.247083348506,686.501664353994,277.831041519895,3.93257471393609e-61,1
