"(Intercept)","pet","I(pet^2)","pre","I(pre^2)","df","logLik","AICc","delta","weight","cw","any_u_shaped"
2.78330250734864,-1.85292738984611,0.341039778686993,0.00474978106533875,-1.70777676107143e-05,8,494.701598124531,-973.378148414657,0,0.999999973405439,0.999999973405439,TRUE
2.82010745995432,-1.74650875622522,0.320128540463015,0.0012453999987978,NA,7,476.256254054515,-938.49302984816,34.8851185664962,2.65945558382063e-08,0.999999999999995,TRUE
0.790089123354874,-0.19258185539956,NA,0.00443647690032825,-1.5142926664192e-05,7,460.694612362313,-907.369746463756,66.0084019509004,4.63935520835827e-15,1,FALSE
0.932045734717625,-0.188459446197168,NA,0.00132455409447617,NA,6,446.268475687655,-880.522345219859,92.8558031947975,6.86465188235417e-21,1,FALSE
3.28086156316374,-2.0217684727911,0.37603541278167,NA,NA,6,394.963454365447,-777.912302575442,195.465845839215,3.5903010342708e-43,1,TRUE
1.07261281086504,-0.191809099016003,NA,NA,NA,5,354.539400423469,-699.068369692558,274.309778722099,2.71886956277035e-60,1,FALSE
0.346879209534228,NA,NA,0.00393329892554359,-1.25461585325971e-05,6,346.113865382202,-680.213124608952,293.165023805704,2.18788215226989e-64,1,FALSE
0.472793382210959,NA,NA,0.00135455012803018,NA,5,336.63832897089,-663.266226787399,310.111921627257,4.57142733543985e-68,1,FALSE
0.608433404647082,NA,NA,NA,NA,4,245.048727474081,-482.090502054019,491.287646360637,2.08086098559901e-107,1,FALSE
