"(Intercept)","pet","I(pet^2)","pre","I(pre^2)","df","logLik","AICc","delta","weight","cw"
-1.45282126294039,0.817549308301069,-0.109224557304312,0.0129432449379133,-6.65573415553128e-05,8,197.285637154346,-378.549276141872,0,0.999996025202771,0.999996025202771
-1.19912492300052,0.938433289223799,-0.124411207551851,0.00140485132469996,NA,7,183.797222485762,-353.577337899583,24.971938242289,3.77929491577621e-06,0.999999804497686
0.457511548390058,-0.118288983662331,NA,0.014930151625659,-7.789920030821e-05,7,180.835501874848,-347.653896677755,30.8953794641174,1.95502297266971e-07,0.999999999999984
-1.02146969806559,0.933673996497649,-0.126437217258234,NA,NA,6,163.286885980291,-314.56094361605,63.9883325258225,1.27382102455476e-14,0.999999999999996
1.08007378360598,-0.129362701819506,NA,0.00142898570215857,NA,6,162.035405071634,-312.057981798736,66.4912943431364,3.64415767615606e-15,1
1.29859344184217,-0.151896496153927,NA,NA,NA,5,140.968038651001,-271.926915597925,106.622360543947,7.0347206774368e-24,1
-0.325647125144434,NA,NA,0.0205994210308952,-0.000105398602292281,6,111.469090210929,-210.925352077325,167.623924064547,3.98956592278211e-37,1
0.442830329212357,NA,NA,0.00245026113400502,NA,5,76.9486380964663,-143.888114488856,234.661161653016,1.1065587134148e-51,1
0.653482419673493,NA,NA,NA,NA,4,9.13360864214701,-10.261110414065,368.288165727807,1.06472931316663e-80,1
