"(Intercept)","pet","I(pet^2)","pre","I(pre^2)","df","logLik","AICc","delta","weight","cw","any_u_shaped"
-0.995417213506995,-0.132017057293265,NA,-0.11979375083902,-0.00298794929548032,7,-1960.66600628467,3935.3838884378,0,0.540424144878034,0.540424144878034,FALSE
-2.61099012229339,0.967015580273088,-0.179578017345917,-0.116281077000681,-0.00293666310356693,8,-1960.25457341454,3936.57587528135,1.19198684354433,0.297781758136855,0.838205903014888,FALSE
-1.29984248561562,NA,NA,-0.116157522392669,-0.00296783850511844,6,-1962.87852953863,3937.79594796615,2.4120595283498,0.161794096985112,1,FALSE
-17.248094342848,12.1540633929448,-1.99227381344692,0.0621879663775127,NA,7,-2170.3836974196,4354.81927070766,419.435382269854,4.50296661016549e-92,1,FALSE
1.03196714634776,NA,NA,0.0573100326448792,NA,5,-2217.27039040754,4444.56854573873,509.18465730093,1.46113813655945e-111,1,FALSE
1.0758504362031,-0.0180251156160348,NA,0.0569790536953037,NA,6,-2217.23967057215,4446.5182300332,511.134341595393,5.51217136893562e-112,1,FALSE
-1.84961373727233,1.93803039927626,-0.521459971086497,NA,NA,6,-2516.17086924635,5044.38062738159,1108.99673894379,8.26328359674837e-242,1,FALSE
2.90190517228793,-1.21886772303152,NA,NA,NA,5,-2518.66158703992,5047.3509390035,1111.96705056569,1.87136147500611e-242,1,FALSE
-0.768800353516285,NA,NA,NA,NA,4,-2677.08181051196,5362.18212241152,1426.79823397371,8.08043687724907e-311,1,FALSE
