"(Intercept)","pre","I(pre^2)","tmx","I(tmx^2)","df","logLik","AICc","delta","weight","cw","any_u_shaped"
-2.14075833567871,-0.0487947658368353,-0.00190687924703497,0.695951031681754,-0.0727274013965881,8,-2022.65971807978,4061.38613370472,0,0.999999767545542,0.999999767545542,FALSE
-0.302237648321421,-0.0523995076315244,-0.00196836425490474,-0.0572417903971363,NA,7,-2038.94297916262,4091.93781017709,30.551676472372,2.32160134460153e-07,0.999999999705677,FALSE
-0.513758250097795,-0.0493015295127454,-0.00197166523609605,NA,NA,6,-2046.61997402821,4105.27881894952,43.8926852448071,2.9432313460533e-10,1,FALSE
-1.9069381312726,0.0464057040237863,NA,1.01007003482343,-0.103330431256055,7,-2186.67089344246,4387.39363873678,326.007505032059,1.61573321071989e-71,1,FALSE
0.751620267379342,0.0457076818981533,NA,-0.0596820884817849,NA,6,-2213.96675235311,4439.97237559932,378.586241894599,6.18076183875666e-83,1,FALSE
0.53203810729903,0.0490742492402654,NA,NA,NA,5,-2220.75449999748,4451.53675207637,390.150618371655,1.90488851815331e-85,1,FALSE
-1.51601812129425,NA,NA,0.612578644969721,-0.0875531661607573,6,-2508.81975339814,5029.67837768939,968.292243984671,5.47029418735346e-211,1,FALSE
0.733486324716687,NA,NA,-0.290220190278001,NA,5,-2523.15157830287,5056.33090868715,994.944774982435,8.92251141771647e-217,1,FALSE
-0.767824235336436,NA,NA,NA,NA,4,-2678.06588260498,5364.150258044,1302.76412433928,1.28340784016934e-283,1,FALSE
