"(Intercept)","pre","I(pre^2)","tmx","I(tmx^2)","df","logLik","AICc","delta","weight","cw","any_u_shaped"
-0.895055093457763,-0.0575008176826943,-0.00187270872419797,0.246000301587302,-0.049652939293416,8,-1990.95701630275,3997.98073015066,0,0.999982364281639,0.999982364281639,FALSE
-0.551006683514133,-0.0589827287579876,-0.00189072604953371,-0.0411615116079474,NA,7,-2002.95326596194,4019.95838377574,21.977653625077,1.68890605829129e-05,0.999999253342222,FALSE
-0.618152970970477,-0.0578110971707347,-0.00191027894674416,NA,NA,6,-2007.07857087849,4026.19601265008,28.2152824994187,7.46657777788977e-07,1,FALSE
0.378784814386958,0.0477311336653738,NA,0.285600534132529,-0.059379953257395,7,-2169.84549436069,4353.74284057323,355.762110422563,5.58768129742702e-78,1,FALSE
0.807383704283137,0.0472667237146996,NA,-0.0575830708940188,NA,6,-2183.85504928523,4379.74896946357,381.768239312908,1.25913556523249e-83,1,FALSE
0.732249523866908,0.0504337988838757,NA,NA,NA,5,-2190.47262880999,4390.97300970139,392.992279550726,4.60047972569093e-86,1,FALSE
-0.23026429106691,NA,NA,-0.053873494630267,-0.0397163681854421,6,-2524.41336600265,5060.8656028984,1062.88487274774,1.57570449689044e-231,1,FALSE
0.0601763330521143,NA,NA,-0.281624277313919,NA,5,-2528.96434625226,5067.95644458592,1069.97571443526,4.54692788181348e-233,1,FALSE
-0.767824235336436,NA,NA,NA,NA,4,-2678.06588260498,5364.150258044,1366.16952789333,2.18800689687501e-297,1,FALSE
