"(Intercept)","pet","I(pet^2)","pre","I(pre^2)","df","logLik","AICc","delta","weight","cw","any_u_shaped"
0.374396069813283,-0.269717696193224,NA,-0.0582605656073797,-0.00178504919740377,7,-1005.72684430042,2025.528554911,0,0.668795241941684,0.668795241941684,FALSE
1.62734445734529,-1.12317168625086,0.139524424129961,-0.0610491540877469,-0.00182588876455065,8,-1005.41893680009,2026.93419467042,1.40563975941973,0.331178686376916,0.9999739283186,TRUE
-0.238748321817765,NA,NA,-0.0504409311518816,-0.00174056660251717,6,-1016.88860484822,2045.83332192089,20.3047670098877,2.60716814001927e-05,1,FALSE
-7.06253700873985,5.54439733235169,-0.938387986214129,0.0496230282549478,NA,7,-1102.43428541945,2218.94343714906,193.414882238056,6.69553273574555e-43,1,FALSE
1.54565981235327,-0.181967436416507,NA,0.0471263437935398,NA,6,-1116.28954819598,2244.63520861641,219.106653705407,1.76558182057886e-48,1,FALSE
1.10944196293221,NA,NA,0.0506747134770273,NA,5,-1120.47011064554,2250.98027469561,225.45171978461,7.39731743599579e-50,1,FALSE
2.94486863065776,-1.14029139291748,NA,NA,NA,5,-1376.4041903647,2762.84843413394,737.319879222939,5.2277607369138e-161,1,FALSE
5.14045090401902,-2.60027298981042,0.241363038775227,NA,NA,6,-1375.72285334419,2763.50181891282,737.973264001819,3.77081304334535e-161,1,TRUE
-0.489363628037168,NA,NA,NA,NA,4,-1543.37491096721,3094.77650639072,1069.24795147972,4.37573102025026e-233,1,FALSE
