"(Intercept)","pre","I(pre^2)","tmx","I(tmx^2)","df","logLik","AICc","delta","weight","cw","any_u_shaped"
-0.346081644453866,-0.00763627257277649,-0.000896572238854911,0.251059746140769,-0.0336393571176126,8,-1073.25834052732,2162.61300212487,0,0.95288183518948,0.95288183518948,FALSE
0.50559410670523,-0.00935575102837637,-0.000924946027118929,-0.0978846170721976,NA,7,-1077.27590021944,2168.62666674904,6.01366462416809,0.047118164809898,0.999999999999378,FALSE
0.149606222778292,-0.0035623932206688,-0.000923067975897698,NA,NA,6,-1103.33601757187,2218.72814736818,56.1151452433078,6.21999567738782e-13,1,FALSE
-0.209216238792208,0.0369118191852832,NA,0.383106924120271,-0.0463177397546395,7,-1118.42129094886,2250.91744820788,88.304446083006,6.36754785216411e-20,1,FALSE
0.984347178088334,0.0365016439011618,NA,-0.0973110080603522,NA,6,-1125.45079625085,2262.95770472615,100.344702601276,1.54690532366358e-22,1,FALSE
0.629927427112536,0.0421701822115105,NA,NA,NA,5,-1148.84184200984,2307.72373742422,145.110735299347,2.94200390840623e-32,1,FALSE
0.37433342488488,NA,NA,-0.0461136530130619,-0.0225397213225137,6,-1374.61384472926,2761.28380168297,598.6707995581,9.53513147564601e-131,1,FALSE
0.955572888217314,NA,NA,-0.278931860915,NA,5,-1375.78236163508,2761.6047766747,598.991774549823,8.12134297767118e-131,1,FALSE
-0.490857882244232,NA,NA,NA,NA,4,-1544.25983920712,3096.54636287055,933.933360745679,1.50656033637064e-203,1,FALSE
