"(Intercept)","pre","I(pre^2)","tmn","I(tmn^2)","df","logLik","AICc","delta","weight","cw","any_u_shaped"
-1.75596085478735,0.0142535555970776,-0.000141116724427746,0.143306855615365,-0.00928737908439592,8,1524.49971637789,-3032.9924738808,0,1,1,FALSE
-1.32110979533825,0.0142512763448018,-0.000140860208243967,0.0145918301289248,NA,7,1423.77448367856,-2833.54355516034,199.448918720456,4.90024268533785e-44,1,FALSE
-1.40933446913755,0.00119907617105664,NA,0.135241303643595,-0.00926010078338896,7,1359.66216944226,-2705.31892668776,327.67354719304,7.02414218629325e-72,1,FALSE
-1.12764311952639,0.0102581884500969,-9.85438067524388e-05,NA,NA,6,1330.67723635242,-2649.35041375341,383.642060127392,4.93384078089207e-84,1,FALSE
-1.3524680383718,NA,NA,0.135930375860777,-0.00934604982279528,6,1310.46878261301,-2608.93350627458,424.058967606215,8.25591444021107e-93,1,FALSE
-0.976496407405366,0.00122046891471222,NA,0.00691814791993554,NA,6,1261.34045654131,-2510.67685413118,522.31561974962,3.80718749598186e-114,1,FALSE
-0.925853767038261,0.00117632310168567,NA,NA,NA,5,1236.84256539379,-2463.68223167664,569.31024220416,2.37602857794231e-124,1,FALSE
-0.91461938147171,NA,NA,0.00640664340621836,NA,5,1210.92470767937,-2411.8465162478,621.145957632999,1.31785937903254e-135,1,FALSE
-0.869634929378159,NA,NA,NA,NA,4,1189.98859016629,-2371.97524768534,661.017226195455,2.8968973745142e-144,1,FALSE
