"(Intercept)","pre","I(pre^2)","tmn","I(tmn^2)","df","logLik","AICc","delta","weight","cw","any_u_shaped"
-1.30086442042709,-0.00793085881383802,0.000141068546029415,0.149109600864185,-0.00975056463640955,8,1575.63605335081,-3135.26349889481,0,1,1,TRUE
-0.845736154548074,-0.00766311241994829,0.000140968340118676,0.0126115641610318,NA,7,1486.04250566971,-2958.07831677876,177.185182116051,3.3475460959253e-39,1,TRUE
-1.4174469140264,0.000820326466202066,NA,0.148539868847681,-0.00973487377606417,7,1448.35105342759,-2882.69541229451,252.568086600293,1.43066134234416e-55,1,FALSE
-1.44354506644324,NA,NA,0.163262161974001,-0.0107719104024096,6,1418.82249609757,-2825.63997157474,309.62352732007,5.835865965541e-68,1,FALSE
-0.762397165141207,-0.00749295423089674,0.000138748065255508,NA,NA,6,1413.53299631408,-2815.06097200775,320.202526887061,2.94377586763982e-70,1,TRUE
-0.962945350246054,0.00108143186797497,NA,0.012261751179324,NA,6,1360.40029270964,-2708.79556479888,426.467934095924,2.47551040867019e-93,1,FALSE
-0.932478215943348,NA,NA,0.0125413676883822,NA,5,1307.96703220161,-2605.93047846012,529.333020434691,1.13971186102256e-115,1,FALSE
-0.880067255946075,0.00111297717431863,NA,NA,NA,5,1292.83966858673,-2575.67575123035,559.587747664458,3.06947799532227e-122,1,FALSE
-0.846696534646639,NA,NA,NA,NA,4,1237.7482605357,-2467.49413058553,667.769368309274,9.90202639435579e-146,1,FALSE
