"(Intercept)","pet","I(pet^2)","pre","I(pre^2)","df","logLik","AICc","delta","weight","cw"
-0.0605907825607109,NA,NA,0.00443756700490899,-1.3256760125761e-05,6,-4679.42959571904,9370.87572361679,0,0.522151810016242,0.522151810016242
-0.199963403623863,0.0237917824745238,NA,0.00490664611262214,-1.48031331430518e-05,7,-4678.83775073498,9371.69754871405,0.82182509726772,0.346210101574964,0.868361911591206
-0.319631185467762,0.0760369477166013,-0.00543994730189864,0.00481557292936908,-1.44000610740862e-05,8,-4678.81422436392,9373.65680076565,2.78107714886391,0.129985095639445,0.998347007230651
-0.950108836787009,0.432566409159188,-0.0453480332365895,0.00159821869579715,NA,7,-4684.96157797076,9383.94520318561,13.0694795688287,0.000758220214543424,0.999105227445194
0.0633550732798144,NA,NA,0.00167562488545692,NA,5,-4687.15455768972,9384.32092175487,13.445198138088,0.000628360834898648,0.999733588280093
0.120220685484031,-0.0108310734855229,NA,0.00160875132705382,NA,6,-4687.01026643757,9386.03706505384,15.1613414370513,0.000266411719507529,0.9999999999996
-0.538584412788794,0.394823517691464,-0.0488554271967725,NA,NA,6,-4707.56026941728,9427.13707101327,56.2613473964884,3.16811128470736e-13,0.999999999999917
0.61799025133909,-0.0833695277900404,NA,NA,NA,5,-4709.90355114382,9429.81890866308,58.9431850462897,8.28794350636674e-14,1
0.232159499296964,NA,NA,NA,NA,4,-4721.57034005188,9451.14854947225,80.2728258554635,1.93541512153621e-18,1
