"(Intercept)","pet","I(pet^2)","pre","I(pre^2)","df","logLik","AICc","delta","weight","cw","any_u_shaped"
-0.0412669672090297,NA,NA,0.00393661506273427,-9.98119536651092e-06,6,-4485.51095782546,8983.0391499554,0,0.620217317143586,0.620217317143586,FALSE
-0.0862773535177312,0.00765336879382256,NA,0.00409448473730753,-1.05224897731152e-05,7,-4485.45207375136,8984.92713129094,1.88798133554883,0.241309239008733,0.861526556152319,FALSE
-0.00231278658148355,-0.0288801495761572,0.00379702604994999,0.00415528225856101,-1.07903262529274e-05,8,-4485.44067525298,8986.9109071562,3.87175720080631,0.0894957669704799,0.951022323122799,TRUE
0.049444509201863,NA,NA,0.0018837354110865,NA,5,-4489.68938676706,8989.39108122643,6.35193127103412,0.0258964085386541,0.976918731661453,FALSE
0.144527813195429,-0.0181512841007704,NA,0.00177335022369046,NA,6,-4489.28907758474,8990.59538947394,7.55623951854795,0.0141816683434907,0.991100400004943,FALSE
-0.414745085300109,0.213361500701603,-0.0236362359887296,0.00176269698343673,NA,7,-4488.75214668039,8991.52727714901,8.48812719361376,0.00889959999494048,0.999999999999884,FALSE
0.683094634670063,-0.0962966873685333,NA,NA,NA,5,-4516.46683376075,9042.94597521381,59.9068252584111,6.08053886933293e-14,0.999999999999945,FALSE
-0.054387343166584,0.207852388853202,-0.0309899188013018,NA,NA,6,-4515.55875831846,9043.13475094139,60.0956009859947,5.53286330431697e-14,1,FALSE
0.23698448630906,NA,NA,NA,NA,4,-4531.56822762661,9071.14465869866,88.1055087432651,4.57799961490824e-20,1,FALSE
