"(Intercept)","pet","I(pet^2)","pre","I(pre^2)","df","logLik","AICc","delta","weight","cw"
-0.0605428271885658,NA,NA,0.00444061819822643,-1.32662105184943e-05,6,-4681.02129427161,9374.05911096651,0,0.522088828527074,0.522088828527074
-0.199917800902521,0.0237925712871387,NA,0.00490969441706425,-1.48126260282975e-05,7,-4680.42905575789,9374.88014574753,0.821034781023627,0.34630516028153,0.868393988808604
-0.318699566923935,0.0756504282127339,-0.00539957966736472,0.0048193040264684,-1.44125647945187e-05,8,-4680.40586495546,9376.84006521199,2.78095424548155,0.12997740403814,0.998371392846744
-0.949728226196698,0.43249302303619,-0.04534270175856,0.00159920042729609,NA,7,-4686.56744781135,9387.15692985445,13.0978188879453,0.000747462082336507,0.999118854929081
0.0634988287071307,NA,NA,0.00167673747785058,NA,5,-4688.76167064396,9387.53514069795,13.4760297314442,0.000618673800911668,0.999737528729992
0.120472036338161,-0.0108518323057784,NA,0.00160974186744062,NA,6,-4688.61674566657,9389.25001375643,15.1909027899237,0.00026247126963123,0.999999999999624
-0.537980645351284,0.394758194036896,-0.0488563941216738,NA,NA,6,-4709.21119243268,9430.43890728864,56.3797963221368,2.98556948791712e-13,0.999999999999922
0.618612359238537,-0.0834433125396775,NA,NA,NA,5,-4711.55581408512,9433.12342758027,59.0643166137615,7.7999354580416e-14,1
0.232460046684772,NA,NA,NA,NA,4,-4723.24997979481,9454.50782431632,80.4487133498133,1.77226335793917e-18,1
