"(Intercept)","pet","I(pet^2)","pre","I(pre^2)","df","logLik","AICc","delta","weight","cw","any_u_shaped"
-0.00647711844714393,NA,NA,0.000425476689067367,NA,5,-1159.166475435,2328.36548883096,0,0.264910495785321,0.264910495785321,FALSE
-0.0542738467995926,NA,NA,0.0015298591912295,-5.45077084176664e-06,6,-1158.40499225023,2328.85556236264,0.490073531685994,0.207339024144931,0.472249519930252,FALSE
0.0351953212902943,NA,NA,NA,NA,4,-1160.65250541634,2329.32669104949,0.961202218529252,0.163823709554175,0.636073229484427,FALSE
-0.0174159858021381,0.00208168217963593,NA,0.000437501392413301,NA,6,-1159.16243673438,2330.37045133094,2.00496249997923,0.0972136143699049,0.733286843854332,FALSE
-0.128951745824233,0.0128649546568571,NA,0.00176769093847788,-6.25792902432281e-06,7,-1158.26708505362,2330.59497358173,2.22948475076828,0.0868905813782858,0.820177425232617,FALSE
0.1060987986468,-0.0151212523593209,NA,NA,NA,5,-1160.37681042291,2330.78615880677,2.42066997581787,0.0789691310002108,0.899146556232828,FALSE
-0.261397021484012,0.102549507659223,-0.0102217750842531,0.00043736918987124,NA,7,-1159.09801518792,2332.25683385032,3.89134501936223,0.0378533509186322,0.93699990715146,FALSE
-0.0020689531054147,-0.0414079061623899,0.0055850058193781,0.00184439320251999,-6.61847037830227e-06,8,-1158.25077500496,2332.57976836951,4.214279538548,0.0322092039256648,0.969209111077125,TRUE
-0.138392922346558,0.085547031374834,-0.0102416842861434,NA,NA,6,-1160.31212866954,2332.66983520127,4.30434637031249,0.0307908889228748,1,FALSE
