"(Intercept)","pet","I(pet^2)","pre","I(pre^2)","df","logLik","AICc","delta","weight","cw"
-0.00663897783574129,NA,NA,0.000434872513522144,NA,5,-1159.92848745425,2329.88947761707,0,0.271625799762591,0.271625799762591
-0.0537243718966806,NA,NA,0.00152306908742689,-5.36968080181123e-06,6,-1159.18875421552,2330.42303688632,0.533559269249054,0.208022396276417,0.479648196039008
0.036022693466027,NA,NA,NA,NA,4,-1161.48459504388,2330.99084682842,1.10136921134927,0.156607202779669,0.636255398818677
-0.0173821978933748,0.00204445171395124,NA,0.00044668355187268,NA,6,-1159.92458946801,2331.8947073913,2.00522977423407,0.0996645947273997,0.735919993546077
-0.127238268316836,0.0126650369613723,NA,0.00175716224803922,-6.16384331781897e-06,7,-1159.05501414457,2332.17076581625,2.28128819918174,0.0868151619577225,0.822735155503799
0.108896573290133,-0.0155447716445964,NA,NA,NA,5,-1161.19293275377,2332.41836821611,2.52889059904192,0.0767060116012257,0.899441167105025
-0.250363564381057,0.0979829137597725,-0.00976096707658199,0.000446618209178933,NA,7,-1159.86579193308,2333.79232139327,3.90284377620492,0.0385903982231949,0.93803156532822
0.00629132144996629,-0.0444521025133689,0.00587774084331417,0.00183790692420875,-6.54347855271385e-06,8,-1159.03693732237,2334.15200812277,4.26253050570813,0.0322384593659656,0.970270024694186
-0.123866429235583,0.0802991442575987,-0.00975113481470734,NA,NA,6,-1161.13424415743,2334.31401677015,4.42453915308124,0.0297299753058144,1
