"(Intercept)","pet","I(pet^2)","pre","I(pre^2)","df","logLik","AICc","delta","weight","cw","any_u_shaped"
-0.00796269735580576,NA,NA,0.000433481076592816,NA,5,-1159.72668004329,2329.48588041179,0,0.269906608460136,0.269906608460136,FALSE
-0.0553748335271983,NA,NA,0.00152852515246612,-5.40410514660505e-06,6,-1158.97798692842,2330.00152700218,0.515646590388315,0.208565410064751,0.478472018524887,FALSE
0.0344442992408742,NA,NA,NA,NA,4,-1161.27124225442,2330.56415298121,1.07827256942073,0.157423514778605,0.635895533303492,FALSE
-0.0214714343390367,0.00257150779227497,NA,0.000448313242153138,NA,6,-1159.72051305558,2331.48657925649,2.00069884470122,0.0992584031240249,0.735153936427517,FALSE
-0.132729506043255,0.0133282381255477,NA,0.0017749317113565,-6.2408350289558e-06,7,-1158.82989147255,2331.72055342801,2.23467301621622,0.0882999460357301,0.823453882463247,FALSE
0.105023171517528,-0.0150523232752297,NA,NA,NA,5,-1160.99802429753,2332.02856892026,2.54268850846529,0.0756964868365681,0.899150369299815,FALSE
-0.264066983823283,0.102467696535808,-0.0101635728071367,0.00044818917066991,NA,7,-1159.65681554078,2333.37440156448,3.88852115268583,0.0386217437797793,0.937772113079594,FALSE
-0.00538127993029366,-0.0411434354121995,0.00560545370601396,0.00185190906552653,-6.60266899132279e-06,8,-1158.81345984446,2333.70509558468,4.21921517289229,0.0327357717770442,0.970507884856638,TRUE
-0.137992341103417,0.0850075850249384,-0.0101797770706925,NA,NA,6,-1160.93411669346,2333.91378653225,4.42790612045519,0.0294921151433617,1,FALSE
