"(Intercept)","pet","I(pet^2)","pre","I(pre^2)","df","logLik","AICc","delta","weight","cw","any_u_shaped"
-1.17778634163091,0.961690837746149,-0.119000305318685,0.00231714646026804,NA,7,-1380.34597201687,2774.74243997603,0,0.538478718010493,0.538478718010493,FALSE
-0.938045634295042,0.827276862906308,-0.104061031573275,0.00357315914018895,-5.78209814399187e-06,8,-1379.4947112263,2775.0543750913,0.311935115266351,0.460715362467422,0.999194080477915,FALSE
1.39541531265987,-0.179378626469116,NA,0.00515468275745435,-1.30268479923788e-05,7,-1386.8654260356,2787.7813480135,13.0389080374698,0.00079397282497634,0.999988053302892,FALSE
1.65703941533926,-0.207119863583788,NA,0.00232797293970106,NA,6,-1392.0683409496,2796.1745367888,21.4320968127695,1.19466971080351e-05,1,FALSE
0.349961776075647,NA,NA,0.00864608756551837,-2.48189211505393e-05,6,-1416.95460254791,2845.9470599854,71.2046200093728,1.85901016957669e-16,1,FALSE
-0.542752414886462,0.88438007532845,-0.121067503745045,NA,NA,6,-1420.44255571172,2852.92296631303,78.1805263370052,5.68176089465077e-18,1,FALSE
2.34444849689736,-0.305174278053637,NA,NA,NA,5,-1431.98251405592,2873.99205513887,99.2496151628393,1.51143141750563e-22,1,FALSE
0.571425343761808,NA,NA,0.00357995827069793,NA,5,-1438.14834235911,2886.32371174525,111.58127176922,3.173973065863e-25,1,FALSE
0.928647017213261,NA,NA,NA,NA,4,-1554.58686261688,3117.19173513921,342.449295163178,2.34017822014842e-75,1,FALSE
