"(Intercept)","pet","I(pet^2)","pre","I(pre^2)","df","logLik","AICc","delta","weight","cw","any_u_shaped"
-1.06226667170504,0.920513108274984,-0.115273184682675,0.00231947466060671,NA,7,-1342.33772935519,2698.72721471777,0,0.555158108111815,0.555158108111815,FALSE
-0.845114019261621,0.796571137186844,-0.101424499683705,0.00353137112507304,-5.60445728251325e-06,8,-1341.55444823142,2699.17547066534,0.448255947564121,0.44368949352572,0.998847601637535,FALSE
1.43577326134815,-0.185575966756843,NA,0.00503538878952605,-1.24858891827099e-05,7,-1348.54189706963,2711.13555014666,12.4083354288905,0.00112196906813289,0.999969570705668,FALSE
1.68806714586265,-0.212759395840838,NA,0.00234127103995681,NA,6,-1353.15581027866,2718.35041963354,19.6232049157643,3.04292943318521e-05,1,FALSE
0.351948552278851,NA,NA,0.00872835210639917,-2.51944066844275e-05,6,-1380.17664993385,2772.39209894392,73.6648842261475,5.60131920040635e-17,1,FALSE
-0.481638624191518,0.863969188734214,-0.119354100481456,NA,NA,6,-1381.99113917204,2776.02107742029,77.2938627025196,9.12573091292783e-18,1,FALSE
2.37251898416986,-0.310338478463808,NA,NA,NA,5,-1393.01972632627,2796.06715348357,97.3399387657996,4.04871819776204e-22,1,FALSE
0.573820205701539,NA,NA,0.00362218844354856,NA,5,-1401.4255485463,2812.87879792363,114.15158320586,9.05139137139157e-26,1,FALSE
0.931246096234389,NA,NA,NA,NA,4,-1518.04679097725,3044.11204065315,345.384825935379,5.55974238486861e-76,1,FALSE
