"(Intercept)","pet","I(pet^2)","pre","I(pre^2)","df","logLik","AICc","delta","weight","cw"
-1.16028793565103,0.95335364522827,-0.118060066479113,0.00231982493794921,NA,7,-1379.61232159474,2773.27518470573,0,0.539012702256576,0.539012702256576
-0.921008443378543,0.819182937314871,-0.103147919391724,0.0035743138745014,-5.77518769754505e-06,8,-1378.76351486691,2773.59204102051,0.316856314773304,0.460038867088036,0.999051569344612
1.3902320906154,-0.178259403067947,NA,0.0051354984299599,-1.29201320304017e-05,7,-1385.97136652909,2785.99327457443,12.718089868702,0.000933041314858048,0.99998461065947
1.64861133809617,-0.205570492043822,NA,0.00233256509913122,NA,6,-1391.08246715284,2794.20282334493,20.927638639198,1.53893405295817e-05,1
0.352230506925304,NA,NA,0.00857786232702141,-2.45184928729205e-05,6,-1415.56538502789,2843.16865909502,69.8934743892846,3.5844611332605e-16,1
-0.532021908489215,0.879410646023442,-0.120514077747717,NA,NA,6,-1419.76247632992,2851.56284169909,78.2876569933528,5.39076354910483e-18,1
2.33910420156775,-0.304148204324618,NA,NA,NA,5,-1431.13130850267,2872.28966840299,99.0144836972581,1.70167669339154e-22,1
0.570872464148797,NA,NA,0.00357084714973218,NA,5,-1436.18260042296,2882.39225224358,109.117067537846,1.08925319685184e-24,1
0.927039017684388,NA,NA,NA,NA,4,-1552.17790104285,3112.37382822359,339.09864351786,1.25101970232009e-74,1
