"(Intercept)","tmx","I(tmx^2)","wet","I(wet^2)","df","logLik","AICc","delta","weight","cw"
54.3466474900437,-3.34283757541066,0.0542834802960738,-0.393909055208808,0.0214024894118986,8,-6054.45957366081,12124.9412095248,0,0.670357403192703,0.670357403192703
1.73416665929618,0.0353970775743364,NA,-0.381655471706308,0.0208433213810403,7,-6056.72116261075,12127.4594820843,2.51827255948228,0.190313883598494,0.860671286791197
3.11756357666599,NA,NA,-0.430717248915565,0.0228562905666987,6,-6058.40756377486,12128.8279932259,3.88678370117486,0.0960068129492792,0.956678099740476
49.5253851549392,-3.17529950443835,0.0517209833013156,0.0310758668683924,NA,7,-6058.55759835754,12131.1323535778,6.19114405304936,0.0303330834903855,0.987011183230862
-0.545606870142059,0.043272629363827,NA,0.032178294387642,NA,6,-6060.61172084675,12133.2363073697,8.29509784494803,0.0105937275487324,0.997604910779594
0.90767465266979,NA,NA,0.0208136042256042,NA,5,-6063.18520828709,12136.3796049356,11.4383954108216,0.00220034309911528,0.99980525387871
56.9228135649721,-3.5906729424664,0.0577403652164266,NA,NA,6,-6065.18530159704,12142.3834688703,17.4422593455274,0.000109337192240656,0.99991459107095
1.11356686142333,NA,NA,NA,NA,4,-6067.74891703999,12143.5039587163,18.5627491915675,6.2439100577632e-05,0.999977030171528
1.08716644964827,0.000852003136658682,NA,NA,NA,5,-6067.74739531922,12145.5039789998,20.5627694750747,2.2969828472225e-05,1
