"(Intercept)","tmx","I(tmx^2)","wet","I(wet^2)","df","logLik","AICc","delta","weight","cw"
89.5526748097807,-5.29658600445427,0.0836794352167919,-1.08160546714336,0.0554191076954143,8,-5499.16537780395,11014.3641662808,0,0.609082047611562,0.609082047611562
8.49277882667696,-0.0903959273494418,NA,-1.06228260223668,0.0545138867694123,7,-5500.71475829033,11015.4554966317,1.09133035094601,0.352936377968068,0.96201842557963
5.04232327817412,NA,NA,-0.952097930543541,0.050051051200099,6,-5504.0368572127,11020.0931949449,5.72902866412733,0.0347242625555525,0.996742688135183
79.7650482415873,-5.00268630503033,0.0789423775956979,NA,NA,6,-5507.4346556185,11026.8887917565,12.5246254757276,0.00116141634328679,0.997904104478469
3.44872454601556,-0.0931137999253116,NA,NA,NA,5,-5508.81593027737,11027.6457719853,13.2816057045529,0.000795447946335169,0.998699552424805
76.7942802430621,-4.83856360298883,0.0765917636555545,0.0144448411761752,NA,7,-5507.0035740324,11028.0331281158,13.6689618350811,0.000655387946619492,0.999354940371424
2.68609655605202,-0.0735282440096451,NA,0.0157706796273091,NA,6,-5508.30090693101,11028.6212943815,14.2571281007386,0.000488404625244981,0.999843344996669
0.228655175938821,NA,NA,0.0338787186053812,NA,5,-5510.5257544379,11031.0654203064,16.7012540256001,0.000143894623430372,0.999987239620099
0.563026335434665,NA,NA,NA,NA,4,-5513.95081028429,11035.9108927058,21.5467264250492,1.27603799004369e-05,1
