"(Intercept)","tmp","I(tmp^2)","wet","I(wet^2)","df","logLik","AICc","delta","weight","cw","any_u_shaped"
-121.765699145505,10.294810204344,-0.207673050971271,-0.93211048021053,0.0500650132269787,8,-3900.55184945453,7817.13386861365,0,0.999805058912068,0.999805058912068,TRUE
13.2980658211255,-0.260320551478184,NA,-1.1345408039693,0.0604364465541276,7,-3910.09782246285,7834.21910533625,17.0852367226098,0.000194941056121285,0.999999999968189,TRUE
-201.155886965706,16.1487822502488,-0.322536794691919,0.0551650305885402,NA,7,-3925.72621181138,7865.47588403332,48.3420154196783,3.18112005395906e-11,1,FALSE
6.91188424260958,-0.238707295498898,NA,0.0588240616159957,NA,6,-3951.27141240653,7914.5604164361,97.4265478224543,6.98247315731944e-22,1,FALSE
-216.12492924422,17.4550644531217,-0.349915051902503,NA,NA,6,-3956.6491877282,7925.31596707944,108.182098465796,3.22456494014706e-24,1,FALSE
5.46236509651636,NA,NA,-0.923297702764847,0.0516323089910569,6,-3977.06821221249,7966.15401604801,149.020147434362,4.37120795811235e-33,1,TRUE
9.80224568192686,-0.329697152156193,NA,NA,NA,5,-3986.23470915525,7982.48198112457,165.34811251092,1.24459743498307e-36,1,FALSE
0.502135777047792,NA,NA,0.0935582004497403,NA,5,-4007.07329326556,8024.15914934519,207.025280731544,1.10903898259024e-45,1,FALSE
1.42066845495164,NA,NA,NA,NA,4,-4118.22603296889,8244.46043939393,427.326570780281,1.61112597549049e-93,1,FALSE
