"(Intercept)","tmp","I(tmp^2)","wet","I(wet^2)","df","logLik","AICc","delta","weight","cw","any_u_shaped"
-125.875287872836,10.9319532762074,-0.224897320162515,-1.35103001794752,0.0767369435636263,8,-6826.109978169,13668.2443838189,0,0.993594650448703,0.993594650448703,TRUE
20.0967829516048,-0.492661604449864,NA,-1.54051225269704,0.0864710829094215,7,-6832.15688976365,13678.3327754567,10.0883916378152,0.0064053495489589,0.999999999997662,TRUE
-218.063512793695,17.5912434576916,-0.355616199091295,0.162711639141658,NA,7,-6853.88806581603,13721.7951275615,53.5507437425913,2.33783033692738e-12,1,FALSE
11.1765204127899,-0.470212299538322,NA,0.166958842183281,NA,6,-6869.96617370775,13751.9465919466,83.7022081277064,6.62988030975355e-19,1,FALSE
5.51197244573443,NA,NA,-1.19288308205728,0.0727418261434559,6,-6956.454563213,13924.9233709571,256.678987138203,1.82001671796021e-56,1,TRUE
-251.098121762487,20.5471098028611,-0.418294535168752,NA,NA,6,-6971.91056243425,13955.8353693996,287.590985580693,3.52874440999299e-63,1,FALSE
-1.4838734712991,NA,NA,0.240563832734237,NA,5,-6982.54544340698,13975.1010597539,306.856675935018,2.312750043009e-67,1,FALSE
18.7716353421777,-0.704670072131855,NA,NA,NA,5,-6993.16505207978,13996.3402770995,328.095893280628,5.6505568816824e-72,1,FALSE
0.885075115986417,NA,NA,NA,NA,4,-7292.13576904706,14592.2783189044,924.033935085508,2.21712252941249e-201,1,FALSE
