"Species","mean_rad_inc"
"SCBI_caco",1.04572038601725
"SCBI_cagl",1.05373862278441
"SCBI_caovl",1.31788921800231
"SCBI_cato",1.04117993251578
"SCBI_fagr",1.57849700740154
"SCBI_litu",1.82211207588336
"SCBI_qual",1.50266014564486
"SCBI_quru",2.2607763712743
"SCBI_quve",2.2951775452981
