"(Intercept)","pre","I(pre^2)","tmn","I(tmn^2)","df","logLik","AICc","delta","weight","cw"
54.8781811084372,0.0108238875902262,-1.43789773296353e-05,-4.80808441687789,0.103845439822548,8,-727.75123980692,1471.6757648124,0,0.805450807740498,0.805450807740498
-0.694850022281735,0.0103490914516012,-1.32612312774122e-05,NA,NA,6,-732.103303187324,1476.30744671078,4.63168189838689,0.0794844321994158,0.884935239939914
51.9154023888758,0.00375153925337333,NA,-4.49363813799051,0.0973512712804423,7,-731.203075261643,1476.5407659079,4.86500109550661,0.0707322472329047,0.955667487172819
-0.691970277984713,0.0103510297241283,-1.32642747049291e-05,-0.000136862707397281,NA,7,-732.103296127676,1478.34120763997,6.66544282757104,0.0287512348176944,0.984418721990513
0.0647854062850228,0.00386435775895757,NA,NA,NA,5,-735.073037276487,1480.21801699902,8.54225218662145,0.0112489640163717,0.995667686006885
-0.216081028829908,0.00382314338011061,NA,0.0125845156734195,NA,6,-735.012762559654,1482.12636545544,10.4506006430465,0.00433231399311534,1
62.1176124857514,NA,NA,-5.39967807266004,0.119008890417605,6,-773.700986371886,1559.50281307991,87.8270482675107,6.83341519684543e-20,1
-1.62042789022348,NA,NA,0.11026536423607,NA,5,-778.693875370147,1567.45969318634,95.7839283739406,1.2788607175945e-21,1
0.920600485693852,NA,NA,NA,NA,4,-782.987093768923,1574.02209172946,102.346326917067,4.80636235876332e-23,1
