"(Intercept)","pre","I(pre^2)","tmn","I(tmn^2)","df","logLik","AICc","delta","weight","cw","any_u_shaped"
47.258413602909,0.0104113752836089,-1.35542867468015e-05,-4.15446541426965,0.0899270927289026,8,-737.006186666899,1490.18565853235,0,0.611357592423356,0.611357592423356,TRUE
-0.675793804010418,0.0101582838169463,-1.2844211941591e-05,NA,NA,6,-740.231160315226,1492.56316096659,2.37750243423125,0.18622038325006,0.797577975673416,FALSE
44.7613950905378,0.00374366928828018,NA,-3.8830958124642,0.0843370673890983,7,-739.995514514427,1494.12564441347,3.93998588111526,0.0852586097386811,0.882836585412097,TRUE
-0.84445365913416,0.0100468738321636,-1.26700921250979e-05,0.0080079951975429,NA,7,-740.207395169434,1494.54940572348,4.36374719112837,0.0689794373014598,0.951816022713557,FALSE
0.0613200225861627,0.00387512272727702,NA,NA,NA,5,-742.948201677496,1495.96834580104,5.78268726868123,0.0339313176118695,0.985747340325427,FALSE
-0.381000371248634,0.00381044282291784,NA,0.0198238135780148,NA,6,-742.801147610605,1497.70313555735,7.51747702499051,0.0142526596745733,1,FALSE
55.6663482047264,NA,NA,-4.84840732447715,0.107245548158191,6,-781.116398506642,1574.33363734942,84.1479788170636,3.26432866183476e-19,1,TRUE
-1.74747526669236,NA,NA,0.115884730428984,NA,5,-785.113690982045,1580.29932441013,90.1136658777789,1.65333702947067e-20,1,FALSE
0.92224664537947,NA,NA,NA,NA,4,-789.78896880986,1587.62584181134,97.4401832789817,4.24061019591376e-22,1,FALSE
