"(Intercept)","pre","I(pre^2)","tmn","I(tmn^2)","df","logLik","AICc","delta","weight","cw"
-0.364067806071845,0.00400796496120165,-4.33118609120682e-06,NA,NA,6,-909.383521975951,1830.8090229624,0,0.27056934864396,0.27056934864396
-0.119907945603382,0.00191519690627785,NA,NA,NA,5,-910.696224076504,1831.42241818298,0.613395220581197,0.199104702027897,0.469674050671857
-10.9834286429811,0.00390475897844628,-4.11925718359676e-06,0.914471028257671,-0.0196469622926957,8,-907.953935450821,1831.97990691965,1.17088395725295,0.150669162888176,0.620343213560034
-0.651641205772702,0.00393092640634236,-4.24942186585558e-06,0.013142446106568,NA,7,-909.01477061581,1832.08554123162,1.27651826922192,0.142917751847359,0.763260965407393
-11.1375571734642,0.00191347972065065,NA,0.947361782630079,-0.0203456531686785,7,-909.140496692307,1832.33699338461,1.52797042221755,0.126032930551316,0.889293895958709
-0.431388830958362,0.0018753296710667,NA,0.0140090255956275,NA,6,-910.277171434861,1832.59632188022,1.7872989178195,0.110706104041291,1
-0.824598081907553,NA,NA,0.0493822534695799,NA,5,-959.193734043643,1928.41743811725,97.6084151548578,1.72536328265861e-22,1
-1.73204990935593,NA,NA,0.128503218619968,-0.00172357030056327,6,-959.186041406231,1930.41406182296,99.6050388605599,6.3579809553234e-23,1
0.30449819463212,NA,NA,NA,NA,4,-964.346935331957,1936.71384070885,105.904817746449,2.72483129783007e-24,1
