"(Intercept)","pre","I(pre^2)","tmn","I(tmn^2)","df","logLik","AICc","delta","weight","cw"
-1.20364586801972,0.00470215967676769,-5.15271506691841e-06,0.0270951761325396,NA,7,-1411.07614121653,2836.1954923096,0,0.36845729029004,0.36845729029004
5.67876031661544,0.004723370540019,-5.2417847143035e-06,-0.573101212372232,0.0130769199519743,8,-1410.52748283673,2837.11054267077,0.915050361167687,0.233177419948399,0.601634710238438
-0.618972709178834,0.00493259460501356,-5.46632796274482e-06,NA,NA,6,-1412.83099361654,2837.69438214245,1.498889832847,0.174143537440792,0.77577824767923
-0.958358033370064,0.00220592603225515,NA,0.029134699948531,NA,6,-1413.24386478315,2838.52012447567,2.32463216607403,0.115239056204327,0.891017303883558
5.45255980235496,0.00218547933872949,NA,-0.529568674136261,0.0121736360349908,7,-1412.76909307712,2839.58139603079,3.38590372118779,0.0677871699184967,0.958804473802054
-0.310617198415015,0.00229058359588336,NA,NA,NA,5,-1415.27717614481,2840.57748259032,4.38199028072358,0.0411955261979455,1
15.3084696693983,NA,NA,-1.39084462009489,0.0319049582438406,6,-1490.4175160841,2992.86742707756,156.671934767965,3.51163027416001e-35,1
-1.50422848706001,NA,NA,0.0744111218593045,NA,5,-1493.44792385582,2996.91897801233,160.723485702733,4.63154275411857e-36,1
0.198058083952665,NA,NA,NA,NA,4,-1506.35658054894,3020.72857535607,184.533083046475,3.12994932375924e-41,1
