"(Intercept)","pet","I(pet^2)","wet","I(wet^2)","df","logLik","AICc","delta","weight","cw","any_u_shaped"
54.5171060094326,-24.5368762915921,2.11463673611806,4.75332151177339,-0.353676025471523,8,-740.571931609448,1497.31267916262,0,0.999999980757695,0.999999980757695,TRUE
-17.1358888158302,0.256912571716913,NA,4.38265716230698,-0.31784513743537,7,-759.49626394516,1533.1236754313,35.8109962686801,1.67394411997143e-08,0.999999997497136,FALSE
-15.7004374622798,NA,NA,4.44003181812285,-0.325972888628696,6,-762.41304692742,1536.92433946887,39.6116603062505,2.50286397097586e-09,1,FALSE
-8.79470892802317,0.565504465133146,NA,0.748726282075182,NA,6,-885.56100053817,1783.22024669038,285.907567527752,8.24063229251911e-63,1,FALSE
-4.19646348786941,-1.00287854970926,0.133968844315737,0.746208236881694,NA,7,-885.50230687902,1785.13576129902,287.8230821364,3.16236375335488e-63,1,TRUE
-5.06014380868307,NA,NA,0.669705233548075,NA,5,-895.846203807047,1801.76250107204,304.449821909413,7.75463133624651e-67,1,FALSE
95.2743551849527,-31.6645012763257,2.58959367188883,NA,NA,6,-1115.42431888462,2242.94688338328,745.634204220657,1.2234600308217e-162,1,TRUE
7.37277071799949,-1.46812593903468,NA,NA,NA,5,-1127.71646416235,2265.50302178264,768.190342620018,1.54734289831225e-167,1,FALSE
-1.11547119169843,NA,NA,NA,NA,4,-1184.82434593058,2377.6953663069,880.382687144278,6.71936908169896e-192,1,FALSE
