"(Intercept)","pet","I(pet^2)","wet","I(wet^2)","df","logLik","AICc","delta","weight","cw","any_u_shaped"
53.1319851075443,-20.2927804257881,1.7171724834223,1.76578081972965,-0.122162096296005,8,-330.544125005596,677.353443381358,0,0.99999936795567,0.99999936795567,TRUE
-5.1373009432478,-0.143991951973487,NA,1.46653156438644,-0.0934327303731831,7,-346.504262274832,707.214406902605,29.8609635212473,3.27924514860579e-07,0.999999695880185,FALSE
-5.93784417913777,NA,NA,1.43112646770072,-0.088470900687789,6,-347.606408924195,707.366946288757,30.0135029073991,3.03843799281147e-07,0.999999999723984,FALSE
36.1453246476192,-13.2997320831647,1.1316835554249,0.377058603557243,NA,7,-353.595878993456,721.397640339852,44.0441969584948,2.72849948432548e-10,0.999999999996834,TRUE
-3.02186547313575,NA,NA,0.403362217175629,NA,5,-360.431460261763,730.972810633416,53.6193672520584,2.27353720288508e-12,0.999999999999107,FALSE
-2.74587204532591,-0.0412217763651396,NA,0.396983449584197,NA,6,-360.3443622105,732.842852861367,55.4894094800094,8.9253972535191e-13,1,FALSE
81.0117845760626,-26.9658154023771,2.21795805451395,NA,NA,6,-454.924552355435,922.003233151236,244.649789769879,7.49847378645166e-54,1,TRUE
5.61435472701218,-1.08352279868481,NA,NA,NA,5,-472.230307830618,954.570505771127,277.217062389769,6.35447218239684e-61,1,FALSE
-0.650274669101464,NA,NA,NA,NA,4,-527.191940333446,1062.45700680949,385.10356342813,2.37587422713131e-84,1,FALSE
