"(Intercept)","pet","I(pet^2)","wet","I(wet^2)","df","logLik","AICc","delta","weight","cw","any_u_shaped"
53.1667916368693,-20.3102777926539,1.71953553583933,1.76197322239932,-0.12174587439228,8,-327.328375470542,670.92440893365,0,0.999999368549357,0.999999368549357,TRUE
-5.92661472383015,NA,NA,1.42877472826901,-0.0883031979795875,6,-344.332659032922,700.820873621401,29.8964646877507,3.22155021080484e-07,0.999999690704378,FALSE
-5.16689810337194,-0.136511024217141,NA,1.46180203134217,-0.092942680879257,7,-343.348220845917,700.904233899625,29.9798249659755,3.09003536713757e-07,0.999999999707914,FALSE
36.1684928359428,-13.3170804622509,1.13388766099174,0.377866640408484,NA,7,-350.323721745655,714.855235699102,43.9308267654526,2.88763236578953e-10,0.999999999996678,TRUE
-3.01915685496001,NA,NA,0.403052097365596,NA,5,-357.160904323067,724.432714376264,53.5083054426138,2.4033600117841e-12,0.999999999999081,FALSE
-2.78770809652874,-0.0346262208973807,NA,0.397749347629081,NA,6,-357.099939025578,726.355433606712,55.431024673062,9.18979143139416e-13,1,FALSE
80.98490930237,-26.9629103782558,2.21835630329185,NA,NA,6,-452.044846915084,916.245249385724,245.320840452074,5.36112673202711e-54,1,TRUE
5.59216149723982,-1.07925777539013,NA,NA,NA,5,-469.249373924476,948.609653579081,277.685244645431,5.02822841587689e-61,1,FALSE
-0.644704531664459,NA,NA,NA,NA,4,-522.835837342529,1053.74547542307,382.821066489415,7.43808880904816e-84,1,FALSE
